trade_id,entry_time,exit_time,direction,entry_price_a,entry_price_b,exit_price_a,exit_price_b,qty_a,qty_b,gross_pnl,fees,slippage_cost,net_pnl,return_pct,duration_bars,exit_reason
1,2023-03-27 19:00:00+00:00,2023-03-30 02:00:00+00:00,SHORT_SPREAD,0.4676,88.53,0.5405,92.5,-5346.4499572284,74.34870564630887,-94.59184046610395,7.539640954013299,3.769820477006649,-105.90130189712389,-0.011660453846635832,55,mean_reversion_exit
2,2023-04-01 02:00:00+00:00,2023-04-01 06:00:00+00:00,LONG_SPREAD,0.5331,93.58,0.5185,93.44,4689.5516788595005,-70.33651325996713,-58.62034265495353,7.234346902147083,3.617173451073541,-69.47186300817415,-0.007649324774435301,4,stop_z_exit
3,2023-04-07 08:00:00+00:00,2023-04-09 03:00:00+00:00,SHORT_SPREAD,0.5081,89.65,0.506,90.64,-4920.29128124385,73.41986515189876,83.01827819099145,7.290613950618088,3.645306975309044,72.08235726506432,0.007936757952820074,43,mean_reversion_exit
4,2023-04-10 15:00:00+00:00,2023-04-10 16:00:00+00:00,LONG_SPREAD,0.5042,92.18,0.5086,92.89,4958.349861166204,-71.40476145441228,-28.880641243500627,7.294678376702886,3.6473391883514426,-39.822658808554955,-0.004384745671385292,1,stop_z_exit
5,2023-04-14 01:00:00+00:00,2023-04-14 15:00:00+00:00,LONG_SPREAD,0.5172,97.47,0.5148,93.96,4833.720030935809,-67.52940300469605,225.42727647223774,7.166221075645889,3.583110537822944,214.6779448587689,0.02363750230708251,14,mean_reversion_exit
6,2023-04-16 14:00:00+00:00,2023-04-16 15:00:00+00:00,LONG_SPREAD,0.5201,98.64,0.52,101.34,4806.767929244376,-66.72841556029728,-180.64739880572722,7.337547146782131,3.668773573391065,-191.6537195259004,-0.021102378450821895,1,stop_z_exit
7,2023-04-18 03:00:00+00:00,2023-04-19 07:00:00+00:00,LONG_SPREAD,0.5126,101.9,0.5219,99.97,4877.097151775264,-64.5936301360915,170.0227096741674,7.233949247633723,3.616974623816861,159.1717858027168,0.01752589655453131,28,mean_reversion_exit
8,2023-04-20 00:00:00+00:00,2023-04-24 02:00:00+00:00,SHORT_SPREAD,0.4945,90.73,0.4674,87.48,-5055.611729019211,72.54591547302682,-98.76714743091642,7.116560207436677,3.5582801037183387,-109.44198774207143,-0.0120503074474967,98,mean_reversion_exit
9,2023-04-25 10:00:00+00:00,2023-04-26 19:00:00+00:00,LONG_SPREAD,0.4546,89.07,0.4481,86.25,5499.340079190497,-73.89795566259934,172.6465244537914,7.168017550500872,3.5840087752504357,161.89449812804008,0.01782568570573495,33,mean_reversion_exit
10,2023-05-01 02:00:00+00:00,2023-05-02 08:00:00+00:00,SHORT_SPREAD,0.4604,87.13,0.4631,88.15,-5430.060816681147,75.54333651862417,62.39303904395815,7.302358875675796,3.6511794378378974,51.43950073044445,0.005663839003074877,30,mean_reversion_exit
11,2023-05-06 09:00:00+00:00,2023-05-06 13:00:00+00:00,SHORT_SPREAD,0.4605,86.27,0.4575,84.32,-5428.881650380022,76.29640559716847,-132.49134596333866,7.199646874347932,3.5998234371739657,-143.29081627486056,-0.01577729376210023,4,stop_z_exit
12,2023-05-08 18:00:00+00:00,2023-05-10 00:00:00+00:00,SHORT_SPREAD,0.4192,77.19,0.4287,80.21,-5963.740458015267,85.27129046337251,200.86376284823956,7.39134266131439,3.695671330657195,189.77674885626797,0.0208957112099791,30,mean_reversion_exit
13,2023-05-14 16:00:00+00:00,2023-05-15 04:00:00+00:00,LONG_SPREAD,0.4256,82.62,0.4289,86.32,5874.06015037594,-79.66704079965776,-275.383652462492,7.391333708476168,3.695666854238084,-286.4706530252063,-0.03154236792349353,12,stop_z_exit
14,2023-05-24 04:00:00+00:00,2023-05-24 05:00:00+00:00,SHORT_SPREAD,0.459,88.4,0.4593,87.88,-5446.6230936819165,74.45804197814167,-40.35216875673882,7.250839050733967,3.625419525366983,-51.22842733283977,-0.005640598385944289,1,stop_z_exit
15,2023-05-28 22:00:00+00:00,2023-05-29 23:00:00+00:00,LONG_SPREAD,0.4837,91.62,0.4942,90.85,5168.492867479843,-71.84120182130238,109.58690051094169,7.265253308576634,3.6326266542883165,98.68902054807674,0.010866332600787384,25,mean_reversion_exit
16,2023-05-31 05:00:00+00:00,2023-06-01 01:00:00+00:00,SHORT_SPREAD,0.5123,88.7,0.5087,91.15,-4879.953152449737,74.20621094552112,199.3730481653457,7.331367682881263,3.665683841440631,188.3759966410238,0.02074147886095383,20,mean_reversion_exit
17,2023-06-01 16:00:00+00:00,2023-06-04 05:00:00+00:00,LONG_SPREAD,0.5065,95.41,0.5215,94.98,4935.834155972359,-68.98743224890184,103.70210820661273,7.283421895283203,3.641710947641601,92.77697536368794,0.010215376202925919,61,mean_reversion_exit
18,2023-06-05 05:00:00+00:00,2023-06-05 15:00:00+00:00,SHORT_SPREAD,0.5372,93.23,0.5039,85.98,-4653.7602382725245,70.60056753049152,-356.88389866158843,6.998942996481965,3.4994714982409825,-367.3823131563114,-0.040451292192715,10,stop_z_exit
19,2023-06-10 03:00:00+00:00,2023-06-10 04:00:00+00:00,SHORT_SPREAD,0.5218,85.21,0.4994,78.51,-4791.107704101188,77.2455217799287,-410.22418335365455,7.015726405295224,3.5078632026476115,-420.7477729615974,-0.046327192393342626,1,stop_z_exit
20,2023-06-14 21:00:00+00:00,2023-06-15 18:00:00+00:00,SHORT_SPREAD,0.4807,73.11,0.482,74.63,-5200.748907842729,90.02996732140232,130.0845767483358,7.32311533825767,3.6615576691288347,119.09990374094929,0.013113709707357488,21,mean_reversion_exit
21,2023-06-20 18:00:00+00:00,2023-06-20 19:00:00+00:00,LONG_SPREAD,0.489,79.89,0.4886,79.86,5112.474437627812,-82.38942184087776,0.426692880175243,7.263866059722069,3.6319330298610346,-10.469106209407862,-0.001152719821035971,1,stop_z_exit
22,2023-06-21 20:00:00+00:00,2023-06-25 09:00:00+00:00,LONG_SPREAD,0.4962,84.99,0.4927,88.63,5038.291011688835,-77.4454748896073,-299.53554713908125,7.371379732717084,3.6856898663585413,-310.5926167381569,-0.03419836024394983,85,mean_reversion_exit
23,2023-06-28 13:00:00+00:00,2023-06-28 19:00:00+00:00,SHORT_SPREAD,0.4726,85.15,0.4591,82.5,-5289.885738468049,77.29995197730739,-133.4314152705463,7.155169396610507,3.5775846983052535,-144.16416936546204,-0.015873455879301286,6,stop_z_exit
24,2023-06-30 04:00:00+00:00,2023-06-30 05:00:00+00:00,LONG_SPREAD,0.4783,95.51,0.4769,94.35,5226.845076311938,-68.9152016633622,72.62405082266412,7.230769041879645,3.615384520939822,61.77789725984465,0.006802166799048509,1,stop_z_exit
25,2023-07-01 06:00:00+00:00,2023-07-03 16:00:00+00:00,LONG_SPREAD,0.4712,109.17,0.4834,106.38,5305.602716468591,-60.29212156148872,232.9433722974707,7.224278062287925,3.612139031143962,222.1069552040388,0.024455486889947704,58,mean_reversion_exit
26,2023-07-05 16:00:00+00:00,2023-07-10 19:00:00+00:00,SHORT_SPREAD,0.4736,100.37,0.4787,96.94,-5278.716216216216,65.57826951148473,-251.8549171270957,7.186467924005504,3.5932339620027514,-262.63461901310393,-0.028917858408445643,123,mean_reversion_exit
27,2023-07-13 07:00:00+00:00,2023-07-13 16:00:00+00:00,LONG_SPREAD,0.4712,100.23,0.6122,101.68,5305.602716468591,-65.66986841133118,652.8686738256407,7.60299724558158,3.80149862279079,641.4641779572684,0.07062957024463229,9,no_flip_exit
28,2023-07-13 18:00:00+00:00,2023-07-13 19:00:00+00:00,SHORT_SPREAD,0.7884,101.99,0.8218,102.7,-3170.9791983764585,64.53663016832753,-60.0896978062606,7.326365413752297,3.663182706876148,-71.07924592688904,-0.007826308569740793,1,stop_z_exit
29,2023-07-14 20:00:00+00:00,2023-07-20 08:00:00+00:00,SHORT_SPREAD,0.7108,93.77,0.8171,94.73,-3517.163759144626,70.1939949969897,-306.48827239996314,7.442177025811854,3.7210885129059266,-317.6515379386809,-0.03497559549404816,132,mean_reversion_exit
30,2023-07-22 01:00:00+00:00,2023-07-24 09:00:00+00:00,LONG_SPREAD,0.7695,95.13,0.6931,89.05,3248.8628979857053,-69.1904857654549,172.46502804785808,6.998116217150151,3.499058108575075,161.96785372213287,0.017833762655725068,56,mean_reversion_exit
31,2023-07-28 15:00:00+00:00,2023-07-29 22:00:00+00:00,LONG_SPREAD,0.7123,91.64,0.7125,93.55,3509.757124806963,-71.82552281610349,-136.48479715379608,7.3208282086956675,3.6604141043478333,-147.4660394668396,-0.016237014241993572,31,stop_z_exit
32,2023-08-02 15:00:00+00:00,2023-08-05 20:00:00+00:00,SHORT_SPREAD,0.6869,88.98,0.6255,82.69,-3639.5399621487845,73.97270072901465,-241.8205339095672,6.990170312189604,3.4950851560948015,-252.3057893778516,-0.027780583992606803,77,mean_reversion_exit
33,2023-08-08 16:00:00+00:00,2023-08-09 09:00:00+00:00,LONG_SPREAD,0.6378,84.93,0.6428,83.92,3919.724051426779,-77.50018734095988,97.87380947150378,7.2422021011112845,3.621101050555642,87.01050631983685,0.00958044872857628,17,mean_reversion_exit
34,2023-08-13 23:00:00+00:00,2023-08-16 20:00:00+00:00,SHORT_SPREAD,0.6252,81.88,0.5891,74.76,-3998.72040946897,80.38704092412951,-428.0019245979714,6.978988913429527,3.489494456714763,-438.4704079681157,-0.048278575084889044,69,stop_z_exit
35,2023-08-17 22:00:00+00:00,2023-08-17 23:00:00+00:00,SHORT_SPREAD,0.51,65.37,0.5057,64.71,-4901.9607843137255,100.68977988171521,-45.37682334938425,7.230659254256388,3.615329627128194,-56.22281223076884,-0.006190514142893244,1,stop_z_exit
36,2023-08-29 15:00:00+00:00,2023-08-29 16:00:00+00:00,LONG_SPREAD,0.5348,68.18,0.5392,69.23,4674.6447270007475,-96.53990775693345,-80.79846634597675,7.314446864671612,3.6572234323358055,-91.77013664298417,-0.010104516409670717,1,stop_z_exit
37,2023-09-08 17:00:00+00:00,2023-09-09 14:00:00+00:00,SHORT_SPREAD,0.5037,62.56,0.5029,62.93,-4963.2717887631525,105.21245062128715,42.89922416088662,7.279655924413727,3.639827962206863,31.979740274266028,0.003521186980852475,21,mean_reversion_exit
38,2023-09-10 05:00:00+00:00,2023-09-11 07:00:00+00:00,SHORT_SPREAD,0.499,61.86,0.4853,61.36,-5010.0200400801605,106.40302151418888,15.435763792003707,7.216937214571703,3.608468607285851,4.610357970146152,0.00050763177944292,26,mean_reversion_exit
39,2023-09-11 16:00:00+00:00,2023-09-12 09:00:00+00:00,SHORT_SPREAD,0.4713,59.21,0.4727,60.16,-5304.476978569913,111.16519018523432,98.18066290597417,7.3108860080725675,3.6554430040362833,87.21433389386533,0.009602891531233601,17,mean_reversion_exit
40,2023-09-14 01:00:00+00:00,2023-09-17 01:00:00+00:00,LONG_SPREAD,0.4822,62.36,0.4952,63.93,5184.570717544587,-105.54988631923868,-98.31390219312533,7.358917825033894,3.6794589125169463,-109.35227893067616,-0.01204042989702119,72,mean_reversion_exit
41,2023-09-18 13:00:00+00:00,2023-09-20 03:00:00+00:00,LONG_SPREAD,0.5024,66.69,0.5234,66.78,4976.114649681529,-98.69681977609423,95.61569386346338,7.311025177263445,3.655512588631722,84.64915609756821,0.009320448003474195,38,mean_reversion_exit
42,2023-09-26 18:00:00+00:00,2023-09-27 09:00:00+00:00,SHORT_SPREAD,0.5045,63.83,0.5019,64.3,-4955.401387512389,103.11908053999254,61.350011461328265,7.279905498392685,3.639952749196342,50.43015321373924,0.005552702974311125,15,mean_reversion_exit
43,2023-09-27 12:00:00+00:00,2023-09-27 13:00:00+00:00,LONG_SPREAD,0.5043,65.03,0.5046,64.53,4957.3666468372,-101.21622191092918,52.095320949516136,7.246024368309615,3.623012184154807,41.226284397051714,0.004539294398354889,1,mean_reversion_exit
44,2023-09-27 18:00:00+00:00,2023-09-28 06:00:00+00:00,SHORT_SPREAD,0.5032,63.55,0.4972,63.73,-4968.203497615263,103.57342109941345,48.452436783585995,7.26120632661906,3.63060316330953,37.560627293657404,0.004135680611687334,12,mean_reversion_exit
45,2023-09-29 07:00:00+00:00,2023-09-29 12:00:00+00:00,LONG_SPREAD,0.5078,66.45,0.537,65.83,4923.198109491926,-99.05328684526296,205.17042264122773,7.29861046747542,3.64930523373771,194.2225069400146,0.021385219422061272,5,mean_reversion_exit
46,2023-10-01 11:00:00+00:00,2023-10-02 18:00:00+00:00,LONG_SPREAD,0.5208,67.38,0.5114,65.55,4800.307219662058,-97.68612215594723,133.64271568055955,7.176117332130097,3.5880586660650486,122.8785396823644,0.013529763232751466,31,mean_reversion_exit
47,2023-10-04 00:00:00+00:00,2023-10-04 01:00:00+00:00,SHORT_SPREAD,0.5265,63.82,0.5337,64.19,-4748.338081671415,103.13523834013982,3.972003997817353,7.294611957643734,3.6473059788218665,-6.969913938648247,-0.0007674349449979604,1,stop_z_exit
48,2023-10-09 12:00:00+00:00,2023-10-09 16:00:00+00:00,SHORT_SPREAD,0.5005,63.12,0.4973,62.3,-4995.004995004995,104.279006826168,-69.52476961344217,7.22507560806159,3.6125378040307945,-80.36238302553456,-0.008848445122848539,4,stop_z_exit
49,2023-10-11 16:00:00+00:00,2023-10-13 11:00:00+00:00,SHORT_SPREAD,0.4808,61.3,0.4795,61.43,-5199.6672212978365,107.37505564221411,20.71832462117542,7.268552404632501,3.6342762023162507,9.815496014226667,0.0010807528916586095,43,mean_reversion_exit
50,2023-10-16 06:00:00+00:00,2023-10-16 07:00:00+00:00,LONG_SPREAD,0.4918,63.05,0.4929,62.97,5083.36722244815,-104.39478050543575,13.943286385127594,7.264568777295883,3.6322843886479412,3.04643321918377,0.0003354330240780102,1,stop_z_exit
51,2023-10-18 20:00:00+00:00,2023-10-20 06:00:00+00:00,SHORT_SPREAD,0.4888,60.84,0.5123,62.85,-5114.566284779051,108.18689860071866,97.2633584951368,7.4007319182460805,3.7003659591230402,86.16226061776769,0.009487051105672707,34,mean_reversion_exit
52,2023-10-21 14:00:00+00:00,2023-10-24 02:00:00+00:00,LONG_SPREAD,0.523,65.06,0.5551,72.1,4780.114722753346,-101.16954981352173,-558.7919480868097,7.61194285400921,3.8059714270046046,-570.2098623678236,-0.06278398531394402,60,stop_z_exit
53,2023-10-27 18:00:00+00:00,2023-10-28 03:00:00+00:00,SHORT_SPREAD,0.5433,66.21,0.5456,67.99,-4601.509295048776,99.41233817954576,166.37049058097952,7.340687702029462,3.6703438510147306,155.35945902793532,0.017106133439165488,9,mean_reversion_exit
54,2023-10-31 16:00:00+00:00,2023-11-01 20:00:00+00:00,SHORT_SPREAD,0.601,68.95,0.6154,69.91,-4159.73377703827,95.46179711193217,31.743158838103355,7.326290125340902,3.6631450626704507,20.753723650092002,0.0022851261734517414,28,mean_reversion_exit
55,2023-11-05 04:00:00+00:00,2023-11-05 13:00:00+00:00,LONG_SPREAD,0.6242,71.31,0.6331,70.56,4005.126561999359,-92.30249489367162,104.87249757204808,7.2522402307867955,3.6261201153933973,93.99413722586789,0.01034939400500754,9,mean_reversion_exit
56,2023-11-09 14:00:00+00:00,2023-11-09 22:00:00+00:00,LONG_SPREAD,0.6996,76.11,0.6637,72.33,3573.4705546026303,-86.48128906671559,198.61167976195046,7.083597982461212,3.5417989912306056,187.98628278825865,0.020698568714315812,8,mean_reversion_exit
57,2023-11-10 02:00:00+00:00,2023-11-10 13:00:00+00:00,LONG_SPREAD,0.6698,74.65,0.6488,71.67,3732.4574499850705,-88.17268467337874,184.37299387698286,7.129218245983637,3.5646091229918184,173.6791665080074,0.019123257872279295,11,mean_reversion_exit
58,2023-11-11 14:00:00+00:00,2023-11-13 03:00:00+00:00,LONG_SPREAD,0.6764,74.97,0.6544,73.77,3696.0378474275576,-87.79633067717384,24.04276416920247,7.191005356911774,3.595502678455887,13.25625613383481,0.0014596039903071482,37,mean_reversion_exit
59,2023-11-13 23:00:00+00:00,2023-11-15 02:00:00+00:00,SHORT_SPREAD,0.6706,71.14,0.6299,71.45,-3728.0047718461083,92.52306593853983,180.41194465508406,7.216453671184904,3.6082268355924514,169.5872641483067,0.018672711582899577,27,mean_reversion_exit
60,2023-11-21 13:00:00+00:00,2023-11-21 15:00:00+00:00,LONG_SPREAD,0.6121,70.89,0.6044,69.47,4084.2999509884007,-92.84935690319824,100.39697717993127,7.200354650124118,3.6001773250620586,89.5964452047451,0.009865178193441454,2,mean_reversion_exit
61,2023-11-21 19:00:00+00:00,2023-11-21 22:00:00+00:00,SHORT_SPREAD,0.5952,68.08,0.5802,65.82,-4200.268817204302,96.68171138172332,-155.49663546463108,7.1530708487018755,3.5765354243509373,-166.2262417376839,-0.018302640148512045,3,stop_z_exit
62,2023-11-25 02:00:00+00:00,2023-11-26 10:00:00+00:00,LONG_SPREAD,0.6228,71.72,0.6338,70.88,4014.129736673089,-91.77483143987345,121.24628551289804,7.252498556171744,3.626249278085872,110.36753767864042,0.012152216792564086,32,mean_reversion_exit
63,2023-12-01 10:00:00+00:00,2023-12-01 16:00:00+00:00,LONG_SPREAD,0.6111,71.03,0.6112,72.16,4090.9834724267716,-92.66635099067611,-104.30387827222094,7.307721558680863,3.653860779340431,-115.26546061024223,-0.012691511430733906,6,stop_z_exit
64,2023-12-04 02:00:00+00:00,2023-12-04 19:00:00+00:00,LONG_SPREAD,0.6297,73.76,0.6213,72.41,3970.1445132602826,-89.23659044018063,87.12018318285794,7.204145284291928,3.6020726421459637,76.31396525642005,0.008402686782743163,17,mean_reversion_exit
65,2023-12-06 00:00:00+00:00,2023-12-06 14:00:00+00:00,LONG_SPREAD,0.6237,74.36,0.6223,72.99,4008.337341670675,-88.516553400588,115.65600588046671,7.214920988519321,3.6074604942596604,104.83362439768773,0.011542895289920821,14,mean_reversion_exit
66,2023-12-08 11:00:00+00:00,2023-12-08 18:00:00+00:00,LONG_SPREAD,0.6491,75.56,0.6644,77.9,3851.4866738561086,-87.11078495060514,-144.91149067441793,7.370779521851946,3.6853897609259727,-155.96765995719585,-0.017173100499419502,7,stop_z_exit
67,2023-12-15 16:00:00+00:00,2023-12-16 05:00:00+00:00,SHORT_SPREAD,0.6214,71.34,0.6212,72.04,-4023.173479240425,92.26367971499472,65.38921049634457,7.29118470513604,3.64559235256802,54.45243343864051,0.005995583392969802,13,mean_reversion_exit
68,2023-12-18 10:00:00+00:00,2023-12-19 01:00:00+00:00,SHORT_SPREAD,0.589,68.93,0.616,71.46,-4244.4821731748725,95.48949529766028,126.9874044273576,7.408148505405701,3.70407425270285,115.87518166924906,0.01275864586761531,15,mean_reversion_exit
69,2023-12-20 21:00:00+00:00,2023-12-21 20:00:00+00:00,SHORT_SPREAD,0.6156,69.82,0.623,70.88,-4061.078622482131,94.27228460137103,69.87663987108587,7.317664970087708,3.6588324850438534,58.900142415954306,0.006485306411706779,23,mean_reversion_exit
70,2023-12-22 18:00:00+00:00,2023-12-24 15:00:00+00:00,LONG_SPREAD,0.6213,72.89,0.6221,72.13,4023.821020441011,-90.30169997074665,71.84834879412084,7.239508634629614,3.6197543173148063,60.98908584217642,0.006715313295223268,45,mean_reversion_exit
71,2023-12-26 12:00:00+00:00,2023-12-26 18:00:00+00:00,LONG_SPREAD,0.6319,74.04,0.6195,72.41,3956.3222028802024,-88.89912089232473,95.8471717387758,7.188087143746098,3.5940435718730486,85.06504102315665,0.009366239763286993,6,mean_reversion_exit
72,2023-12-27 06:00:00+00:00,2023-12-27 09:00:00+00:00,LONG_SPREAD,0.6223,73.74,0.6296,75.51,4017.3549734854573,-89.26079347528783,-128.66491314481618,7.340600046997262,3.6703000234986307,-139.67581321531208,-0.015379257330288838,3,stop_z_exit
73,2023-12-28 11:00:00+00:00,2023-12-29 16:00:00+00:00,LONG_SPREAD,0.6445,77.2,0.6199,74.7,3878.975950349108,-85.26024495942647,117.72780401997827,7.142243360383318,3.571121680191659,107.01443897940328,0.011783017812709703,29,mean_reversion_exit
74,2024-01-03 12:00:00+00:00,2024-01-03 13:00:00+00:00,SHORT_SPREAD,0.562,65.7,0.5679,64.73,-4448.398576512455,100.18403212888468,-123.4240627664411,7.237299544868742,3.6186497724343707,-134.2800120837442,-0.014785142914949612,1,stop_z_exit
75,2024-01-08 01:00:00+00:00,2024-01-08 02:00:00+00:00,SHORT_SPREAD,0.5721,63.47,0.5601,62.28,-4369.865408145429,103.70396897538559,-70.96933818296343,7.195334285502798,3.5976671427513987,-81.76233961121763,-0.009002589867646004,1,stop_z_exit
76,2024-01-11 00:00:00+00:00,2024-01-14 01:00:00+00:00,LONG_SPREAD,0.5983,70.18,0.5749,71.6,4178.5057663379575,-93.78869921441613,-230.95698781677837,7.279833895875045,3.639916947937522,-241.87673866059095,-0.026632274553776897,73,mean_reversion_exit
77,2024-01-18 20:00:00+00:00,2024-01-19 00:00:00+00:00,SHORT_SPREAD,0.5479,66.78,0.5499,68.42,-4562.876437306078,98.56380519418575,152.5188876438525,7.333980886051412,3.6669904430257056,141.5179163147754,0.015582085414431778,4,mean_reversion_exit
78,2024-01-19 14:00:00+00:00,2024-01-19 15:00:00+00:00,LONG_SPREAD,0.5444,70.0,0.5389,70.17,4592.211609110948,-94.0298701552532,-41.24224177650319,7.261963894324694,3.630981947162347,-52.13518761799023,-0.005740438862553636,1,stop_z_exit
79,2024-01-23 10:00:00+00:00,2024-01-25 21:00:00+00:00,SHORT_SPREAD,0.5063,64.68,0.5135,65.82,-4937.783922575549,101.7639287394515,80.45883452042949,7.326297897896387,3.663148948948193,69.46938767358492,0.007649052223255896,59,mean_reversion_exit
80,2024-01-27 18:00:00+00:00,2024-01-29 12:00:00+00:00,LONG_SPREAD,0.5285,68.04,0.5248,67.32,4730.368968779565,-96.73854954244156,52.14939048607515,7.230811080352163,3.615405540176081,41.3031738655469,0.004547760451959702,42,mean_reversion_exit
81,2024-01-30 20:00:00+00:00,2024-01-31 08:00:00+00:00,LONG_SPREAD,0.5123,68.41,0.5097,69.42,4879.953152449737,-96.21533271258185,-109.86536423607717,7.299468571831516,3.6497342859157578,-120.81456709382445,-0.013302505808354823,12,stop_z_exit
82,2024-02-09 00:00:00+00:00,2024-02-09 01:00:00+00:00,LONG_SPREAD,0.5151,70.32,0.5162,71.39,4853.4265191225,-93.60197541051942,-94.81534451822176,7.307869881838297,3.6539349409191484,-105.77714934097921,-0.01164678380552271,1,stop_z_exit
83,2024-02-11 04:00:00+00:00,2024-02-12 04:00:00+00:00,LONG_SPREAD,0.527,72.68,0.5208,70.98,4743.833017077799,-90.56261572465222,124.54468202602675,7.192325444119064,3.596162722059532,113.75619385984815,0.012525330893101533,24,mean_reversion_exit
84,2024-02-12 22:00:00+00:00,2024-02-13 12:00:00+00:00,LONG_SPREAD,0.5314,73.36,0.5282,71.76,4704.554008280015,-89.72315854508894,128.5024808456458,7.202228078094725,3.601114039047362,117.69913872850373,0.01295947594927328,14,mean_reversion_exit
85,2024-02-13 16:00:00+00:00,2024-02-16 23:00:00+00:00,SHORT_SPREAD,0.5199,68.51,0.5646,70.63,-4808.617041738796,96.0748928750215,-11.266408870679285,7.4331223105584865,3.716561155279243,-22.416092336517014,-0.002468164275882076,79,mean_reversion_exit
86,2024-02-20 16:00:00+00:00,2024-02-22 08:00:00+00:00,SHORT_SPREAD,0.5494,68.46,0.5474,69.16,-4550.418638514743,96.14506150843886,76.40238033293697,7.288953011005731,3.6444765055028654,65.46895081642838,0.007208576907998968,40,mean_reversion_exit
87,2024-02-24 13:00:00+00:00,2024-02-26 09:00:00+00:00,LONG_SPREAD,0.5458,70.16,0.5337,69.4,4580.432392817883,-93.81543487553769,15.876498552311421,7.214983543710779,3.607491771855389,5.0540232367452536,0.0005564823438067062,44,mean_reversion_exit
88,2024-02-26 15:00:00+00:00,2024-02-27 01:00:00+00:00,LONG_SPREAD,0.5418,71.22,0.5533,73.73,4614.248800295312,-92.41913663111097,-178.90817174069264,7.379687086353172,3.689843543176586,-189.9777023702224,-0.02091783755906838,10,stop_z_exit
89,2024-02-29 05:00:00+00:00,2024-03-04 03:00:00+00:00,LONG_SPREAD,0.5971,83.07,0.6353,89.92,4186.903366270307,-79.23547503151228,-382.8232953743341,7.546753813717134,3.7733769068585667,-394.14342609490984,-0.0433978727985726,94,mean_reversion_exit
90,2024-03-05 20:00:00+00:00,2024-03-07 00:00:00+00:00,SHORT_SPREAD,0.57,78.01,0.6158,86.56,-4385.964912280702,84.37496360553422,520.528745844861,7.634585981418091,3.8172929907090456,509.07686687273383,0.056052826586834435,28,mean_reversion_exit
91,2024-03-11 09:00:00+00:00,2024-03-11 10:00:00+00:00,LONG_SPREAD,0.6309,94.8,0.6256,95.15,3962.593120938342,-69.43133872223338,-45.302712093755375,7.266992418698904,3.6334962093494516,-56.20320072180373,-0.0061883547823277565,1,stop_z_exit
92,2024-03-15 05:00:00+00:00,2024-03-20 12:00:00+00:00,SHORT_SPREAD,0.6285,87.63,0.5983,82.11,-3977.724741447892,75.11230070601077,-294.49261270545315,7.051773853858618,3.5258869269293087,-305.0702734862411,-0.03359031268022113,127,mean_reversion_exit
93,2024-03-24 14:00:00+00:00,2024-03-26 15:00:00+00:00,LONG_SPREAD,0.6327,89.99,0.6347,89.02,3951.319740793425,-73.14247039524085,78.85083576497037,7.24045450597346,3.62022725298673,67.99015400601019,0.007486178532374354,49,mean_reversion_exit
94,2024-03-26 19:00:00+00:00,2024-03-28 19:00:00+00:00,LONG_SPREAD,0.6303,95.24,0.6278,93.62,3966.3652229097256,-69.11057235266405,102.04321415404104,7.216922712586744,3.608461356293372,91.21783008516093,0.010043703699993658,48,mean_reversion_exit
95,2024-03-29 11:00:00+00:00,2024-03-31 13:00:00+00:00,LONG_SPREAD,0.6299,102.44,0.6287,101.97,3968.883949833307,-64.25313267149282,25.436311615801777,7.251688075456019,3.625844037728009,14.55877950261775,0.0016030206750294212,50,mean_reversion_exit
96,2024-04-01 02:00:00+00:00,2024-04-01 14:00:00+00:00,LONG_SPREAD,0.6305,111.2,0.6026,100.57,3965.1070578905633,-59.19146502578889,518.5787863089901,6.969740024638467,3.484870012319233,508.12417627203234,0.05594792886999245,12,mean_reversion_exit
97,2024-04-09 14:00:00+00:00,2024-04-11 18:00:00+00:00,SHORT_SPREAD,0.6183,97.84,0.611,97.98,-4043.344654698367,67.27402811598246,38.93477991553555,7.257633507876956,3.6288167539384775,28.048329653720117,0.003088311923871759,52,mean_reversion_exit
98,2024-04-12 18:00:00+00:00,2024-04-16 11:00:00+00:00,SHORT_SPREAD,0.5284,83.44,0.491,78.99,-4731.264193792582,78.88411925776275,-174.08504984920182,7.054479284076225,3.5272396420381122,-184.66676877531617,-0.020333067636918504,89,mean_reversion_exit
99,2024-04-18 09:00:00+00:00,2024-04-19 01:00:00+00:00,LONG_SPREAD,0.4903,82.06,0.4794,77.99,5098.919029165817,-80.21071058820039,270.8793746760686,7.112858404889425,3.556429202444712,260.2100870687345,0.02865090094587849,16,mean_reversion_exit
100,2024-04-20 17:00:00+00:00,2024-04-22 14:00:00+00:00,LONG_SPREAD,0.5276,85.46,0.5345,84.59,4738.438210765732,-77.01955196428416,99.70223386321015,7.2519480140723225,3.6259740070361612,88.82431184210166,0.00978016105694489,45,mean_reversion_exit
101,2024-04-24 09:00:00+00:00,2024-04-25 01:00:00+00:00,LONG_SPREAD,0.5445,87.41,0.5232,82.45,4591.368227731864,-75.3013489402554,275.6985474929777,7.077156395096438,3.538578197548219,265.082812900333,0.029187421211907514,16,no_flip_exit
102,2024-04-26 13:00:00+00:00,2024-04-26 14:00:00+00:00,LONG_SPREAD,0.5237,87.74,0.52,87.95,4773.72541531411,-75.01813210471533,-33.4165917786532,7.26490913817631,3.6324545690881545,-44.31395548591766,-0.004879267992449969,1,stop_z_exit
103,2024-04-30 09:00:00+00:00,2024-05-02 18:00:00+00:00,SHORT_SPREAD,0.5022,80.99,0.5213,80.78,-4978.096375945838,81.27041500021885,-112.14842793061102,7.2968786701463895,3.6484393350731943,-123.09374593583061,-0.013553458905430617,57,mean_reversion_exit
104,2024-05-06 16:00:00+00:00,2024-05-07 10:00:00+00:00,SHORT_SPREAD,0.5529,81.28,0.5392,81.58,-4521.61331162959,80.98044919866786,86.2402371289252,7.250611941650289,3.6253059708251443,75.36431921644977,0.00829812429275158,18,mean_reversion_exit
105,2024-05-09 02:00:00+00:00,2024-05-10 14:00:00+00:00,LONG_SPREAD,0.5213,82.29,0.5002,80.61,4795.70305006714,-79.98652218820907,33.188022919775094,7.171446052041136,3.5857230260205677,22.43085384171339,0.0024697896180352476,36,mean_reversion_exit
106,2024-05-14 13:00:00+00:00,2024-05-15 14:00:00+00:00,SHORT_SPREAD,0.5036,79.56,0.5109,80.6,-4964.257347100874,82.73115775349075,49.80132542979345,7.314584521773166,3.6572922608865825,38.8294486471337,0.0042753864752300575,25,mean_reversion_exit
107,2024-05-20 20:00:00+00:00,2024-05-20 21:00:00+00:00,LONG_SPREAD,0.5313,86.31,0.5349,87.31,4705.439488048184,-76.26104635462546,-59.32146419765178,7.302952980098819,3.6514764900494097,-70.2758936678,-0.007737854020345374,1,stop_z_exit
108,2024-05-28 14:00:00+00:00,2024-05-29 05:00:00+00:00,SHORT_SPREAD,0.5285,82.99,0.5304,84.03,-4730.368968779565,79.31185577621068,73.49662896657836,7.302261541113356,3.6511307705566773,62.54323665490833,0.006886435873491252,15,mean_reversion_exit
109,2024-06-04 04:00:00+00:00,2024-06-04 08:00:00+00:00,SHORT_SPREAD,0.5209,82.12,0.5204,81.72,-4799.385678633134,80.15210558777062,-29.661149395791867,7.251888514664408,3.625944257332204,-40.538982167788475,-0.004463617746798715,4,stop_z_exit
110,2024-06-05 23:00:00+00:00,2024-06-07 00:00:00+00:00,LONG_SPREAD,0.5263,85.48,0.5216,84.14,4750.142504275128,-77.00153147950074,80.85638241243794,7.215469639913129,3.607734819956564,70.03317795256825,0.007711129368763072,25,mean_reversion_exit
111,2024-06-07 19:00:00+00:00,2024-06-11 10:00:00+00:00,SHORT_SPREAD,0.493,79.46,0.4862,79.33,-5070.993914807303,82.83527448864491,23.71417293716604,7.247572190972495,3.6237860954862473,12.842814650707298,0.0014140812701334505,87,mean_reversion_exit
112,2024-06-11 14:00:00+00:00,2024-06-12 14:00:00+00:00,SHORT_SPREAD,0.4832,77.49,0.4967,79.08,-5173.841059602649,84.94116545189992,65.20959876388562,7.347634051643443,3.6738170258217213,54.18814768642046,0.0059664837335616575,24,mean_reversion_exit
113,2024-06-14 04:00:00+00:00,2024-06-14 16:00:00+00:00,LONG_SPREAD,0.4792,79.68,0.4677,77.4,5217.0283806343905,-82.60656263639211,128.34713643367857,7.166337213018872,3.5831686065094357,117.59763061415026,0.012948299215264594,12,mean_reversion_exit
114,2024-06-17 06:00:00+00:00,2024-06-17 14:00:00+00:00,SHORT_SPREAD,0.4862,77.67,0.514,77.15,-5141.916906622789,84.74431454702876,-187.0123335685681,7.305224027270043,3.6526120136350215,-197.97016960947315,-0.02179786257948376,8,stop_z_exit
115,2024-06-18 15:00:00+00:00,2024-06-20 06:00:00+00:00,SHORT_SPREAD,0.4848,72.03,0.4935,74.29,-5156.765676567657,91.37985437828299,161.6546095087815,7.366225661606604,3.6831128308033017,150.6052710163716,0.0165826649936036,39,mean_reversion_exit
116,2024-06-24 05:00:00+00:00,2024-06-24 09:00:00+00:00,SHORT_SPREAD,0.4699,70.77,0.4747,70.37,-5320.280910832093,93.00679540578952,-62.74006653430921,7.2610065807780515,3.6305032903890258,-73.63157640547628,-0.008107337520412615,4,stop_z_exit
117,2024-06-28 10:00:00+00:00,2024-07-01 10:00:00+00:00,LONG_SPREAD,0.4799,74.46,0.4796,74.89,5209.418628881017,-88.39767540783944,-39.57382601403569,7.280251998628863,3.6401259993144315,-50.49420401197898,-0.005559755402971918,72,mean_reversion_exit
118,2024-07-03 11:00:00+00:00,2024-07-03 15:00:00+00:00,SHORT_SPREAD,0.4823,74.06,0.4715,74.39,-5183.495749533486,88.87511356829224,85.3105415724981,7.255011542047209,3.6275057710236043,74.42802425942727,0.008195031847827678,4,mean_reversion_exit
119,2024-07-03 21:00:00+00:00,2024-07-03 23:00:00+00:00,SHORT_SPREAD,0.4665,72.57,0.4668,72.05,-5359.056806002143,90.69988853338465,-48.77165907916012,7.247450238695956,3.6237251193479776,-59.64283443720406,-0.006567081856209437,2,stop_z_exit
120,2024-07-05 00:00:00+00:00,2024-07-05 01:00:00+00:00,SHORT_SPREAD,0.4285,63.1,0.4248,62.71,-5834.3057176196035,104.31205880931415,-19.094771780440155,7.240765275057849,3.620382637528924,-29.955919693026928,-0.003298350565636969,1,stop_z_exit
121,2024-07-10 16:00:00+00:00,2024-07-12 11:00:00+00:00,LONG_SPREAD,0.4324,66.71,0.4712,68.45,5781.683626271971,-98.66722996353957,52.64834456279274,7.424076850628545,3.7120384253142724,41.512229286849916,0.004570778876170019,43,mean_reversion_exit
122,2024-07-13 16:00:00+00:00,2024-07-15 02:00:00+00:00,SHORT_SPREAD,0.5324,69.77,0.5267,70.83,-4695.7175056348615,94.33984392816002,126.76582434596872,7.294966586606872,3.647483293303436,115.82337446605841,0.012752941542069674,34,mean_reversion_exit
123,2024-07-17 09:00:00+00:00,2024-07-18 07:00:00+00:00,SHORT_SPREAD,0.611,72.66,0.5797,71.85,-4091.653027823241,90.58754350217072,54.6928295341089,7.185094868691129,3.592547434345564,43.91518723107221,0.004835360894540577,22,mean_reversion_exit
124,2024-07-22 13:00:00+00:00,2024-07-22 14:00:00+00:00,SHORT_SPREAD,0.6063,72.47,0.611,71.8,-4123.371268349002,90.8250436162236,-80.23262418411042,7.249083554989528,3.6245417774947635,-91.10624951659472,-0.01003141792024742,1,stop_z_exit
125,2024-07-25 02:00:00+00:00,2024-07-26 04:00:00+00:00,SHORT_SPREAD,0.6022,68.82,0.6046,70.85,-4151.444702756559,95.6421230872962,184.1900425805954,7.347319519555711,3.6736597597778555,173.16906330126182,0.019067092038689677,26,mean_reversion_exit
126,2024-07-29 08:00:00+00:00,2024-07-30 10:00:00+00:00,LONG_SPREAD,0.608,74.58,0.6234,73.48,4111.842105263158,-88.25544262359512,160.40335530700662,7.25216928130822,3.62608464065411,149.52510138504428,0.01646373096817617,26,mean_reversion_exit
127,2024-08-02 18:00:00+00:00,2024-08-05 01:00:00+00:00,SHORT_SPREAD,0.5625,65.11,0.4742,56.09,-4444.444444444444,101.09185856040122,-519.4041197703742,6.743955525230474,3.3719777626152365,-529.5200530582199,-0.058303760472667235,55,stop_z_exit
128,2024-08-07 21:00:00+00:00,2024-08-08 16:00:00+00:00,SHORT_SPREAD,0.6261,56.56,0.617,60.25,-3992.972368631209,116.37360167729355,465.75463874375697,7.4229057453480465,3.7114528726740232,454.6202801257349,0.050056785886357036,19,mean_reversion_exit
129,2024-08-13 01:00:00+00:00,2024-08-18 14:00:00+00:00,LONG_SPREAD,0.571,62.23,0.5713,66.61,4378.283712784589,-105.7703826268315,-461.96079079168646,7.451507833101924,3.7257539165509614,-473.13805254133933,-0.05209571861642317,133,mean_reversion_exit
130,2024-08-20 09:00:00+00:00,2024-08-20 15:00:00+00:00,SHORT_SPREAD,0.6097,66.29,0.5892,63.62,-4100.377234705593,99.29236552825046,-181.05288264896464,7.126005388985422,3.5630026944927105,-191.74189073244278,-0.021112086700541887,6,stop_z_exit
131,2024-08-21 16:00:00+00:00,2024-08-23 05:00:00+00:00,SHORT_SPREAD,0.5955,62.54,0.5998,64.08,-4198.152812762384,105.24609707175766,144.0269323956286,7.337725147328333,3.6688625736641662,133.02034467463608,0.014646444962961398,37,mean_reversion_exit
132,2024-08-24 10:00:00+00:00,2024-08-25 07:00:00+00:00,LONG_SPREAD,0.6107,67.16,0.5985,64.69,4093.6630096610447,-98.00611838695242,192.13242369790768,7.148865608240725,3.574432804120362,181.4091252855466,0.01997437892506345,21,mean_reversion_exit
133,2024-08-27 14:00:00+00:00,2024-08-28 20:00:00+00:00,SHORT_SPREAD,0.5934,62.74,0.5717,62.15,-4213.009774182676,104.91059787803195,29.52505935172502,7.20434490275506,3.6021724513775295,18.718541997592432,0.0020610388269945226,30,mean_reversion_exit
134,2024-08-30 19:00:00+00:00,2024-09-01 22:00:00+00:00,LONG_SPREAD,0.5615,64.55,0.545,63.01,4452.359750667854,-101.96887545883384,83.5681323205846,7.173474327057131,3.586737163528565,72.80792082999889,0.008016647437747642,51,mean_reversion_exit
135,2024-09-04 09:00:00+00:00,2024-09-04 13:00:00+00:00,LONG_SPREAD,0.5528,65.93,0.5534,64.62,4522.431259044863,-99.83453527783593,133.4966999693924,7.214444815710763,3.6072224078553816,122.67503274582626,0.013507355734463312,4,mean_reversion_exit
136,2024-09-05 07:00:00+00:00,2024-09-06 13:00:00+00:00,LONG_SPREAD,0.553,68.24,0.5375,65.04,4520.795660036166,-96.45502507133241,238.58374749770178,7.1141813635106494,3.5570906817553247,227.9124754524358,0.02509471416760577,30,mean_reversion_exit
137,2024-09-07 17:00:00+00:00,2024-09-10 19:00:00+00:00,SHORT_SPREAD,0.5272,62.35,0.5402,61.58,-4742.033383915023,105.56681492971491,-142.93288148677613,7.257816723292187,3.6289083616460935,-153.81960657171442,-0.016936585207229345,74,mean_reversion_exit
138,2024-09-13 15:00:00+00:00,2024-09-15 06:00:00+00:00,LONG_SPREAD,0.5707,64.89,0.5882,65.13,4380.585246188891,-101.43459563673484,52.31593885548957,7.306074546598628,3.6530372732993137,41.35682703559163,0.004553668031015151,39,mean_reversion_exit
139,2024-09-16 19:00:00+00:00,2024-09-17 23:00:00+00:00,SHORT_SPREAD,0.5867,62.39,0.5836,63.73,-4261.1215271859555,105.49913304804815,154.57831501866053,7.3169364733142235,3.6584682366571113,143.6029103086892,0.015811657438580852,28,mean_reversion_exit
140,2024-09-22 18:00:00+00:00,2024-09-24 00:00:00+00:00,LONG_SPREAD,0.5904,67.72,0.5817,66.42,4234.417344173441,-97.19567204470945,89.5149427638129,7.200395206873209,3.600197603436604,78.71434995350309,0.008666985469096404,30,mean_reversion_exit
141,2024-09-27 01:00:00+00:00,2024-09-28 10:00:00+00:00,LONG_SPREAD,0.5872,68.71,0.6193,70.01,4257.493188010899,-95.79523957018955,12.131719893901991,7.370152465804739,3.685076232902369,1.0764911951948832,0.00011852900458271596,33,mean_reversion_exit
142,2024-09-30 04:00:00+00:00,2024-10-02 21:00:00+00:00,SHORT_SPREAD,0.6438,67.59,0.541,62.83,-3883.193538365952,97.38261445284397,-64.34894905151786,6.920579312478358,3.4602896562391785,-74.7298180202354,-0.008228261394170027,65,mean_reversion_exit
143,2024-10-10 13:00:00+00:00,2024-10-11 11:00:00+00:00,SHORT_SPREAD,0.5363,64.18,0.5354,65.09,-4661.570016781652,102.55672968008294,97.52203702397867,7.301325213091687,3.6506626065458434,86.57004920434113,0.009531951403475881,22,mean_reversion_exit
144,2024-10-15 13:00:00+00:00,2024-10-15 16:00:00+00:00,LONG_SPREAD,0.5472,67.96,0.5426,69.71,4568.713450292397,-96.85242658722373,-190.5078283989868,7.325062994556698,3.6625314972783487,-201.49542289082183,-0.022186016950095745,3,stop_z_exit
145,2024-10-21 17:00:00+00:00,2024-10-23 22:00:00+00:00,SHORT_SPREAD,0.5476,71.05,0.5252,70.14,-4565.376186997809,92.64026616281105,17.961784380593038,7.191045901175417,3.595522950587708,7.175215528829913,0.0007900400468623338,53,mean_reversion_exit
146,2024-10-25 12:00:00+00:00,2024-10-25 23:00:00+00:00,LONG_SPREAD,0.5248,71.9,0.5017,68.8,4763.719512195122,-91.54507525546207,173.74781256022584,7.108140067084722,3.554070033542361,163.08560245959876,0.01795683439641073,11,mean_reversion_exit
147,2024-10-29 16:00:00+00:00,2024-10-30 11:00:00+00:00,LONG_SPREAD,0.53,73.65,0.521,71.61,4716.981132075472,-89.36986980132687,139.8617042060281,7.175765782860824,3.5878828914304117,129.09805553173686,0.014214574242728267,19,mean_reversion_exit
148,2024-10-31 19:00:00+00:00,2024-11-01 13:00:00+00:00,SHORT_SPREAD,0.5061,68.74,0.5197,70.63,-4939.735230191662,95.75343192999307,113.79358721708007,7.364934482885497,3.682467241442748,102.74618549275183,0.011313054064434072,18,mean_reversion_exit
149,2024-11-03 14:00:00+00:00,2024-11-06 02:00:00+00:00,SHORT_SPREAD,0.4968,65.89,0.5293,68.29,-5032.206119162641,99.89514206810934,76.20164209067727,7.4269907446286805,3.71349537231434,65.06115597373424,0.007163675921354342,60,mean_reversion_exit
150,2024-11-10 04:00:00+00:00,2024-11-12 09:00:00+00:00,LONG_SPREAD,0.5777,76.57,0.6477,78.96,4327.505625757313,-85.9617462565982,97.47682024974245,7.469022315636693,3.7345111578183463,86.2732867762874,0.009499275841100852,53,mean_reversion_exit
151,2024-11-12 15:00:00+00:00,2024-11-14 04:00:00+00:00,SHORT_SPREAD,0.6792,75.77,0.7004,80.38,-3680.800942285041,86.86935344948824,322.4347394256977,7.457073008445613,3.7285365042228062,311.2491299130293,0.03427064681114184,37,mean_reversion_exit
152,2024-11-22 04:00:00+00:00,2024-11-23 02:00:00+00:00,SHORT_SPREAD,1.399,90.49,1.5496,98.72,-1786.9907076483203,72.738323691764,329.5156034113809,7.612775610516201,3.8063878052581,318.0964399956066,0.03502458223744151,22,mean_reversion_exit
153,2024-11-23 05:00:00+00:00,2024-11-24 11:00:00+00:00,LONG_SPREAD,1.5425,103.82,1.3851,95.5,1620.745542949757,-63.399064832091355,272.3748709427079,6.952638501548863,3.476319250774431,261.9459131903846,0.02884202721170049,30,mean_reversion_exit
154,2024-12-01 22:00:00+00:00,2024-12-02 00:00:00+00:00,LONG_SPREAD,2.1719,120.11,2.4242,128.88,1151.0658870113725,-54.80052377710202,-190.18667023221525,7.5740785354214415,3.7870392677107203,-201.54778803534742,-0.022191782708778356,2,stop_z_exit
155,2024-12-05 12:00:00+00:00,2024-12-07 14:00:00+00:00,LONG_SPREAD,2.3815,142.93,2.471,136.8,1049.7585555322275,-46.05115028942646,376.2469419943185,7.190336664472561,3.5951683322362804,365.46143699760967,0.04023979065881126,50,mean_reversion_exit
156,2024-12-09 09:00:00+00:00,2024-12-09 21:00:00+00:00,SHORT_SPREAD,2.3914,123.99,2.2337,109.14,-1045.4127289453877,53.085659415015115,-623.4604549582864,6.884399276827116,3.4421996384135576,-633.787053873527,-0.06978426665110023,12,stop_z_exit
157,2024-12-17 07:00:00+00:00,2024-12-17 17:00:00+00:00,SHORT_SPREAD,2.5348,117.06,2.6335,129.31,-986.2711062016726,56.22835221995322,591.4523565123218,7.580129637844793,3.790064818922396,580.0821620555546,0.06387099267652367,10,no_flip_exit
158,2024-12-18 21:00:00+00:00,2024-12-21 05:00:00+00:00,SHORT_SPREAD,2.3486,110.76,2.3504,105.87,-1064.4639359618498,59.4266062736342,-292.51213976280286,7.1502007008568444,3.575100350428422,-303.23744081408813,-0.03338850533319712,56,mean_reversion_exit
159,2024-12-23 22:00:00+00:00,2024-12-26 07:00:00+00:00,LONG_SPREAD,2.2573,107.32,2.2407,106.43,1107.5178310370798,-61.33144717543537,36.20019199092123,7.2364848151016385,3.618242407550819,25.345464768268776,0.0027907081108316297,57,mean_reversion_exit
160,2024-12-27 23:00:00+00:00,2024-12-30 01:00:00+00:00,SHORT_SPREAD,2.1454,100.52,2.1248,100.64,-1165.283863149063,65.48041097162479,31.86249689746589,7.25921384938847,3.629606924694235,20.973676123383186,0.002309344437224898,50,mean_reversion_exit
161,2024-12-31 14:00:00+00:00,2025-01-01 17:00:00+00:00,LONG_SPREAD,2.1305,104.1,2.2585,104.82,1173.4334663224595,-63.22853900929611,104.6749356025818,7.343962341404568,3.6719811707022836,93.65899209047495,0.010312492245414724,27,mean_reversion_exit
162,2025-01-03 20:00:00+00:00,2025-01-07 04:00:00+00:00,LONG_SPREAD,2.4485,114.08,2.4059,112.53,1021.0332856851132,-57.69715034070586,45.934565057907804,7.212502088294868,3.6062510441474336,35.1158119254655,0.0038664898061574735,80,mean_reversion_exit
163,2025-01-07 16:00:00+00:00,2025-01-07 21:00:00+00:00,SHORT_SPREAD,2.3107,105.9,2.2684,102.17,-1081.9232267278312,62.153832963812306,-186.0684444644329,7.1546330689159365,3.577316534457968,-196.8003940678068,-0.021669062333687216,5,stop_z_exit
164,2025-01-11 19:00:00+00:00,2025-01-14 22:00:00+00:00,SHORT_SPREAD,2.5292,102.58,2.6672,102.4,-988.4548473825716,64.16544073764598,-147.9565482715706,7.315615524536588,3.6578077622682934,-158.92997155837548,-0.01749927116102727,75,mean_reversion_exit
165,2025-01-15 23:00:00+00:00,2025-01-18 16:00:00+00:00,LONG_SPREAD,3.1411,116.94,3.1419,123.81,795.8995256438827,-56.28605191438108,-386.048457031283,7.420601487203106,3.7103007436015525,-397.1793592620877,-0.04373214969548685,65,mean_reversion_exit
166,2025-01-24 15:00:00+00:00,2025-01-24 20:00:00+00:00,LONG_SPREAD,3.1646,122.06,3.1036,116.7,789.9892561461164,-53.92504432957335,240.84889298160005,7.130781695801609,3.5653908479008045,230.15272043789764,0.0253413803821865,5,mean_reversion_exit
167,2025-01-25 02:00:00+00:00,2025-01-26 17:00:00+00:00,LONG_SPREAD,3.1169,122.9,3.1189,121.18,802.0789887388111,-53.55647608517269,93.7212968439748,7.229467536338573,3.614733768169286,82.87709553946694,0.009125332079675105,39,mean_reversion_exit
168,2025-01-30 05:00:00+00:00,2025-02-01 08:00:00+00:00,LONG_SPREAD,3.1159,125.93,3.0245,124.17,802.3364036073045,-52.26785444983501,18.657876542002498,7.199542740245612,3.599771370122806,7.8585624316340805,0.0008652811900649931,51,mean_reversion_exit
169,2025-02-03 02:00:00+00:00,2025-02-05 08:00:00+00:00,SHORT_SPREAD,2.1517,89.62,2.5143,102.86,-1161.8720081795789,73.44444221008395,551.1096246955958,7.823152410705151,3.911576205352575,539.3748960795381,0.05938884573750704,54,mean_reversion_exit
170,2025-02-09 16:00:00+00:00,2025-02-09 21:00:00+00:00,LONG_SPREAD,2.425,108.36,2.3338,103.14,1030.9278350515465,-60.742810177812146,223.05685057147858,7.101233493620228,3.550616746810114,212.40500033104823,0.02338723565042519,5,mean_reversion_exit
171,2025-02-10 01:00:00+00:00,2025-02-10 03:00:00+00:00,LONG_SPREAD,2.3428,108.51,2.3818,112.38,1067.0991975414036,-60.65884168157518,-193.1328486035805,7.376219363098904,3.6881096815494514,-204.19717764822886,-0.022483498530485355,2,stop_z_exit
172,2025-02-11 04:00:00+00:00,2025-02-12 04:00:00+00:00,LONG_SPREAD,2.4767,130.06,2.3945,116.02,1009.4076795736262,-50.60811095546459,627.5645665537709,6.948268253063911,3.474134126531955,617.142164174175,0.06795155105039703,24,mean_reversion_exit
173,2025-02-16 01:00:00+00:00,2025-02-16 13:00:00+00:00,LONG_SPREAD,2.791,136.12,2.7306,128.43,895.736295234683,-48.35506105544904,317.7479472842282,7.095291571994749,3.547645785997374,307.10500992623605,0.033814351005752544,12,mean_reversion_exit
174,2025-02-17 18:00:00+00:00,2025-02-18 09:00:00+00:00,SHORT_SPREAD,2.625,120.74,2.5989,124.37,-952.3809523809524,54.51458432058741,222.7450839408757,7.334885047984815,3.667442523992407,211.74275636889848,0.02331431808456409,15,mean_reversion_exit
175,2025-02-19 01:00:00+00:00,2025-02-20 04:00:00+00:00,LONG_SPREAD,2.5376,132.86,2.7125,131.88,985.1828499369484,-49.54155434944847,220.85920371643272,7.315175831570784,3.657587915785392,209.88643996907655,0.02310992501935036,27,mean_reversion_exit
176,2025-02-24 23:00:00+00:00,2025-02-26 02:00:00+00:00,SHORT_SPREAD,2.2769,114.69,2.3176,121.1,-1097.984101190215,57.390277363917725,323.1837249842705,7.430696581022643,3.715348290511321,312.03768011273655,0.034357471553092364,27,mean_reversion_exit
177,2025-02-27 08:00:00+00:00,2025-02-28 06:00:00+00:00,LONG_SPREAD,2.2079,129.42,2.0051,116.84,1132.2976584084424,-50.85837514192338,410.16839416016336,6.917901398929928,3.458950699464964,399.7915420617685,0.044019768793921,22,mean_reversion_exit
178,2025-03-02 14:00:00+00:00,2025-03-02 15:00:00+00:00,SHORT_SPREAD,2.2254,118.48,2.5972,121.38,-1123.3935472274648,55.554447255804554,-256.5698238173386,7.497186975854581,3.74859348792729,-267.8156042811205,-0.029488320135691394,1,stop_z_exit
179,2025-03-03 16:00:00+00:00,2025-03-06 04:00:00+00:00,SHORT_SPREAD,2.6074,114.26,2.5295,109.53,-958.8095420725626,57.60625687789011,-197.78633170496772,7.126805185350231,3.563402592675115,-208.47653948299308,-0.022954685383464714,60,mean_reversion_exit
180,2025-03-08 05:00:00+00:00,2025-03-08 22:00:00+00:00,LONG_SPREAD,2.3471,106.76,2.3404,102.96,1065.1442205274593,-61.65315577807909,227.14552567916687,7.169105345400485,3.5845526727002426,216.39186766106613,0.023826216868422817,17,mean_reversion_exit
181,2025-03-10 17:00:00+00:00,2025-03-14 12:00:00+00:00,SHORT_SPREAD,2.0497,88.49,2.3053,90.51,-1219.6906864419184,74.38231337854813,-161.5006664298861,7.450474813685869,3.7252374068429344,-172.6763786504149,-0.019012844106613,91,mean_reversion_exit
182,2025-03-17 10:00:00+00:00,2025-03-18 00:00:00+00:00,LONG_SPREAD,2.3298,93.33,2.3219,91.29,1073.0534809854923,-70.52492136363146,135.393717082022,7.204733543861543,3.6023667719307717,124.58661676622968,0.013717834140720617,14,mean_reversion_exit
183,2025-03-24 21:00:00+00:00,2025-03-25 03:00:00+00:00,LONG_SPREAD,2.458,94.89,2.4134,92.19,1017.087062652563,-69.3654854132967,141.92472762159701,7.172613171250097,3.586306585625048,131.16580786472187,0.0144422478427041,6,mean_reversion_exit
184,2025-03-26 00:00:00+00:00,2025-03-26 15:00:00+00:00,LONG_SPREAD,2.4539,95.12,2.4038,93.0,1018.7864216145728,-69.19775978624604,95.65805102395183,7.186576548506286,3.5932882742531427,84.87818620119239,0.009345665776107383,15,mean_reversion_exit
185,2025-03-28 07:00:00+00:00,2025-04-01 06:00:00+00:00,SHORT_SPREAD,2.22,88.3,2.0981,84.52,-1126.126126126126,74.54236592149178,-144.49536840846417,7.0980547615109755,3.5490273807554873,-155.14245055073064,-0.017082239329391163,95,mean_reversion_exit
186,2025-04-02 06:00:00+00:00,2025-04-02 15:00:00+00:00,SHORT_SPREAD,2.0696,81.34,2.1718,85.66,-1207.9628913799768,80.92071441932288,226.1236787924403,7.454885246210383,3.727442623105191,214.94135092312473,0.02366650510687178,9,mean_reversion_exit
187,2025-04-05 16:00:00+00:00,2025-04-06 17:00:00+00:00,SHORT_SPREAD,2.1226,82.03,2.0329,76.2,-1177.8008103269576,80.24004523793397,-362.1507310508272,7.036293450124786,3.5181467250623926,-372.70517122601433,-0.04103737508066909,25,stop_z_exit
188,2025-04-15 15:00:00+00:00,2025-04-17 16:00:00+00:00,SHORT_SPREAD,2.1335,75.63,2.0835,75.83,-1171.7834544176235,87.0301588108915,75.99520448306001,7.249199472310699,3.624599736155349,65.12140527459395,0.007170309779289811,49,mean_reversion_exit
189,2025-04-20 20:00:00+00:00,2025-04-21 08:00:00+00:00,LONG_SPREAD,2.0801,77.56,2.1362,80.96,1201.8652949377436,-84.86450375022851,-221.11466970476846,7.408058311012893,3.704029155506446,-232.2267571712878,-0.025569745937403347,12,stop_z_exit
190,2025-04-22 14:00:00+00:00,2025-04-24 08:00:00+00:00,LONG_SPREAD,2.15,81.82,2.1327,81.22,1162.7906976744187,-80.44599011082529,28.151314996727155,7.238319179439677,3.619159589719838,17.29383622756764,0.00190416902861803,42,mean_reversion_exit
191,2025-04-25 12:00:00+00:00,2025-04-27 04:00:00+00:00,LONG_SPREAD,2.1908,85.67,2.1659,85.14,1141.1356582070478,-76.83075651765756,12.306023065003473,7.238018897156694,3.6190094485783466,1.4489947192684323,0.0001595441769399765,40,mean_reversion_exit
192,2025-05-01 15:00:00+00:00,2025-05-01 18:00:00+00:00,LONG_SPREAD,2.2356,87.52,2.2326,89.37,1118.268026480587,-75.20670601996942,-142.48721021638545,7.319983769517179,3.6599918847585897,-153.4671858706612,-0.016897781290321684,3,stop_z_exit
193,2025-05-05 21:00:00+00:00,2025-05-06 20:00:00+00:00,SHORT_SPREAD,2.1337,83.0,2.1263,84.41,-1171.6736185968036,79.30230013093643,120.48662796223653,7.306931072056981,3.6534655360284902,109.52623135415105,0.01205958324234465,23,mean_reversion_exit
194,2025-05-07 00:00:00+00:00,2025-05-11 13:00:00+00:00,LONG_SPREAD,2.166,92.79,2.3452,98.99,1154.201292705448,-70.93534767612591,-232.96628393916313,7.524325539592098,3.762162769796049,-244.25277224855128,-0.026893892017341058,109,mean_reversion_exit
195,2025-05-14 15:00:00+00:00,2025-05-15 19:00:00+00:00,SHORT_SPREAD,2.5598,99.93,2.4476,99.53,-976.6387999062426,65.86701601989115,83.23206694152366,7.211302456791205,3.605651228395602,72.41511325633685,0.007973396651390506,28,mean_reversion_exit
196,2025-05-20 08:00:00+00:00,2025-05-21 15:00:00+00:00,SHORT_SPREAD,2.3553,93.81,2.3988,96.6,-1061.435910499724,70.1640647145051,149.5852784467308,7.362444809758264,3.6812224048791315,138.5416112320934,0.015254373975304858,31,mean_reversion_exit
197,2025-05-23 03:00:00+00:00,2025-05-23 11:00:00+00:00,LONG_SPREAD,2.4728,102.1,2.3621,97.38,1010.9996764801035,-64.46710000849878,192.36704785376668,7.099191778203595,3.549595889101797,181.7182601864613,0.020008416780877555,8,mean_reversion_exit
198,2025-05-29 03:00:00+00:00,2025-05-29 15:00:00+00:00,LONG_SPREAD,2.2903,97.25,2.2758,95.71,1091.560057634371,-67.68216874928251,88.40291903819715,7.217649464410343,3.6088247322051714,77.57644484158163,0.008541694374447722,12,mean_reversion_exit
199,2025-05-30 01:00:00+00:00,2025-06-01 16:00:00+00:00,SHORT_SPREAD,2.1918,91.28,2.1676,88.09,-1140.6150196185783,72.10879613132913,-202.42417618417016,7.162620751440697,3.581310375720348,-213.1681073113312,-0.02347125892081217,63,mean_reversion_exit
200,2025-06-05 17:00:00+00:00,2025-06-05 20:00:00+00:00,SHORT_SPREAD,2.1696,86.83,2.059,82.17,-1152.2861356932153,75.80434079082949,-225.80538147759574,7.073396298817006,3.536698149408503,-236.41547592582126,-0.026030952370552033,3,stop_z_exit
201,2025-06-10 12:00:00+00:00,2025-06-12 04:00:00+00:00,LONG_SPREAD,2.3139,92.39,2.2461,90.03,1080.426984744371,-71.24246034059664,94.87925683814005,7.169118666306389,3.5845593331531944,84.12557883868047,0.009262798585071962,40,mean_reversion_exit
202,2025-06-13 01:00:00+00:00,2025-06-13 23:00:00+00:00,SHORT_SPREAD,2.1095,82.42,2.1463,86.47,-1185.1149561507466,79.8603604812876,279.82222956286716,7.412491404828404,3.7062457024142015,268.70349245562454,0.029586082664520695,22,mean_reversion_exit
203,2025-06-17 15:00:00+00:00,2025-06-17 16:00:00+00:00,SHORT_SPREAD,2.1783,84.04,2.1475,82.59,-1147.6839737409907,78.3209294486878,-78.21668130937485,7.2061071230574525,3.603053561528726,-89.02584199396102,-0.009802350897790702,1,stop_z_exit
204,2025-06-20 17:00:00+00:00,2025-06-21 06:00:00+00:00,SHORT_SPREAD,2.1165,82.37,2.1278,84.02,-1181.1953697141507,79.90883708714003,118.5020735160101,7.323751564242801,3.6618757821214,107.5164461696459,0.011838292219800466,13,mean_reversion_exit
205,2025-06-21 19:00:00+00:00,2025-06-21 21:00:00+00:00,SHORT_SPREAD,2.0698,80.96,2.0368,79.27,-1207.846168711953,81.30053002554007,-97.53897217566818,7.194770000969916,3.5973850004849575,-108.33112717712305,-0.011927994141469441,2,stop_z_exit
206,2025-06-27 04:00:00+00:00,2025-06-27 13:00:00+00:00,LONG_SPREAD,2.1092,85.38,2.0932,83.83,1185.2835198179405,-77.09171832827037,100.52762709173179,7.210290048803818,3.6051450244019088,89.71219201852605,0.009877922705131206,9,mean_reversion_exit
207,2025-06-28 17:00:00+00:00,2025-06-30 06:00:00+00:00,LONG_SPREAD,2.199,87.16,2.1779,86.18,1136.880400181901,-75.51733491128641,50.01881176922216,7.22647466283142,3.6132373314157094,39.17909977497503,0.0043138854432840925,37,mean_reversion_exit
208,2025-07-01 16:00:00+00:00,2025-07-02 14:00:00+00:00,SHORT_SPREAD,2.1973,84.32,2.196,85.55,-1137.7599781550084,78.06085046095498,97.49393403857604,7.303487031932329,3.651743515966164,86.53870349067755,0.009528500027138514,22,mean_reversion_exit
209,2025-07-03 06:00:00+00:00,2025-07-04 06:00:00+00:00,LONG_SPREAD,2.2727,90.08,2.2338,87.53,1100.013200158402,-73.06939288263459,143.5364383645562,7.174025742559428,3.5870128712797134,132.77539975071707,0.014619474860336035,24,mean_reversion_exit
210,2025-07-07 15:00:00+00:00,2025-07-08 17:00:00+00:00,SHORT_SPREAD,2.3381,86.1,2.3089,87.2,-1069.2442581583337,76.44704890670992,115.3136861356048,7.286820657277843,3.6434103286389217,104.38345514968803,0.011493328592954483,26,mean_reversion_exit
211,2025-07-10 18:00:00+00:00,2025-07-11 21:00:00+00:00,LONG_SPREAD,2.4878,92.57,2.7415,94.44,1004.9039311841788,-71.10393119658339,121.9797760038147,7.420836120165794,3.7104180600828967,110.84852182356602,0.012205176419333517,27,mean_reversion_exit
212,2025-07-18 04:00:00+00:00,2025-07-18 08:00:00+00:00,LONG_SPREAD,3.593,107.33,3.4496,108.75,695.7973838018369,-61.32573288798774,-186.85988553812592,7.260594807039683,3.630297403519841,-197.75077774868544,-0.021773706042961406,4,stop_z_exit
213,2025-07-19 20:00:00+00:00,2025-07-19 21:00:00+00:00,LONG_SPREAD,3.4164,111.41,3.404,112.57,731.7644303945674,-59.07989328487321,-77.60655514734533,7.289456247603603,3.6447281238018014,-88.54073951875074,-0.009748937814837547,1,stop_z_exit
214,2025-07-28 14:00:00+00:00,2025-07-30 17:00:00+00:00,SHORT_SPREAD,3.1543,110.14,3.1306,110.13,-792.568874235171,59.76113047818889,18.186271014591505,7.257920131244518,3.628960065622259,7.299390817724728,0.0008037125910059104,51,mean_reversion_exit
215,2025-08-01 09:00:00+00:00,2025-08-01 21:00:00+00:00,SHORT_SPREAD,2.9212,103.9,2.9945,107.55,-855.8126797206628,63.350249382749986,168.49734082351222,7.383256520562405,3.6916282602812025,157.4224560426686,0.017333283446248623,12,mean_reversion_exit
216,2025-08-02 14:00:00+00:00,2025-08-02 17:00:00+00:00,LONG_SPREAD,2.8773,108.33,2.8225,104.64,868.870121294269,-60.75963178129534,176.58895862605357,7.1569458791262175,3.5784729395631083,165.85353980736426,0.018261603130277214,3,mean_reversion_exit
217,2025-08-03 02:00:00+00:00,2025-08-06 10:00:00+00:00,LONG_SPREAD,2.8254,108.7,2.9349,116.49,884.8304664826219,-60.552814267412366,-374.81748706329506,7.493110872383376,3.746555436191688,-386.05715337187013,-0.042507519156179126,80,mean_reversion_exit
218,2025-08-11 12:00:00+00:00,2025-08-11 19:00:00+00:00,LONG_SPREAD,3.206,126.37,3.1474,121.45,779.7878976918279,-52.085866193461456,210.56689086708954,7.144889515703552,3.5724447578517755,199.8495565935342,0.022004795872984727,7,mean_reversion_exit
219,2025-08-12 20:00:00+00:00,2025-08-14 11:00:00+00:00,LONG_SPREAD,3.2899,129.8,3.2176,127.69,759.9015167634275,-50.709483134574135,52.05612975195646,7.2008975730638,3.6004487865318997,41.254783392360764,0.004542432331633553,39,mean_reversion_exit
220,2025-08-19 08:00:00+00:00,2025-08-20 08:00:00+00:00,SHORT_SPREAD,3.0076,115.04,2.9119,115.23,-831.2275568559648,57.2156720346638,90.41945487770171,7.238201728892367,3.6191008644461835,79.56215228436317,0.008760334273813345,24,mean_reversion_exit
221,2025-08-22 15:00:00+00:00,2025-08-22 17:00:00+00:00,LONG_SPREAD,3.016,119.42,3.0654,122.04,828.9124668435013,-55.117157183618524,-103.45867595901191,7.33981481976744,3.66990740988372,-114.46839818866307,-0.012603749435241724,2,stop_z_exit
222,2025-08-25 06:00:00+00:00,2025-08-27 04:00:00+00:00,SHORT_SPREAD,2.9546,113.7,3.0209,115.23,-846.1382251404589,57.88998162592545,32.472707560853536,7.3235409831799725,3.661770491589986,21.487396086083578,0.002365908500252022,46,mean_reversion_exit
223,2025-09-01 22:00:00+00:00,2025-09-02 00:00:00+00:00,SHORT_SPREAD,2.7425,107.31,2.7591,109.14,-911.5770282588878,61.33716252788858,97.11482875693852,7.316624403132233,3.6583122015661163,86.13989215224018,0.00948458818543253,2,mean_reversion_exit
224,2025-09-03 22:00:00+00:00,2025-09-04 04:00:00+00:00,LONG_SPREAD,2.8448,113.0,2.8495,111.46,878.7964004499437,-58.24859213157278,93.83317496473691,7.231443733173977,3.615721866586988,82.98600936497594,0.009137324232867347,6,mean_reversion_exit
225,2025-09-05 13:00:00+00:00,2025-09-06 04:00:00+00:00,LONG_SPREAD,2.8803,114.73,2.8155,111.55,867.9651425198764,-57.37026855110018,126.193312757211,7.170200090603066,3.5851000453015325,115.4380126213064,0.012710510581123128,15,mean_reversion_exit
226,2025-09-07 08:00:00+00:00,2025-09-08 04:00:00+00:00,LONG_SPREAD,2.8311,113.87,2.8794,113.06,883.0489915580516,-57.80355590469591,89.47214657505754,7.26400488309796,3.6320024415489796,78.57613925041059,0.008651767530358628,20,mean_reversion_exit
227,2025-09-08 20:00:00+00:00,2025-09-10 12:00:00+00:00,SHORT_SPREAD,2.9628,112.03,2.9979,113.82,-843.796408802484,58.75293145467931,75.5504933549084,7.319586729195317,3.659793364597658,64.57111326111543,0.007109718884651218,40,mean_reversion_exit
228,2025-09-15 15:00:00+00:00,2025-09-16 07:00:00+00:00,SHORT_SPREAD,3.0263,113.06,3.0062,114.74,-826.0912665631299,58.21768008904762,114.41013700751832,7.298153235930853,3.649076617965426,103.46290715362204,0.011391969995567568,16,mean_reversion_exit
229,2025-09-18 18:00:00+00:00,2025-09-19 11:00:00+00:00,LONG_SPREAD,3.1153,118.67,3.0288,115.71,802.4909318524701,-55.46550021798031,94.76241503998347,7.172235390193996,3.5861176950969975,84.00406195469247,0.00924941874939529,17,mean_reversion_exit
230,2025-09-22 03:00:00+00:00,2025-09-22 06:00:00+00:00,SHORT_SPREAD,2.9026,111.33,2.8222,106.85,-861.2967684145249,59.12234717387698,-195.6198551584413,7.132026178486383,3.566013089243191,-206.31789442617088,-0.02271700387619868,3,stop_z_exit
231,2025-09-28 20:00:00+00:00,2025-09-30 06:00:00+00:00,LONG_SPREAD,2.8418,105.81,2.8975,106.14,879.7241185164332,-62.20669984753543,28.472422451678625,7.293484266434602,3.6467421332173005,17.532196052026723,0.0019304140669906217,34,mean_reversion_exit
232,2025-09-30 20:00:00+00:00,2025-10-01 06:00:00+00:00,LONG_SPREAD,2.8711,107.37,2.8307,105.46,870.7464038173522,-61.30288638230161,81.91035827597571,7.204766061612413,3.602383030806206,71.10320918355708,0.00782894708733583,10,mean_reversion_exit
233,2025-10-01 09:00:00+00:00,2025-10-01 11:00:00+00:00,LONG_SPREAD,2.9402,110.47,2.9427,110.32,850.2822937215155,-59.58260985668258,11.063097212806468,7.262948054396501,3.63147402719825,0.1686751312117174,1.8572279540813556e-05,2,stop_z_exit
234,2025-10-02 12:00:00+00:00,2025-10-05 12:00:00+00:00,LONG_SPREAD,2.985,119.77,3.0063,119.7,837.5209380234506,-54.95609009658281,21.68612228666001,7.271269636563434,3.6356348182817166,10.779217831814858,0.0011868652205315779,72,mean_reversion_exit
235,2025-10-09 20:00:00+00:00,2025-10-09 22:00:00+00:00,LONG_SPREAD,2.7936,119.03,2.8134,126.61,894.9026345933562,-55.29774771795113,-401.437855537121,7.440423128640987,3.7202115643204934,-412.59849023008246,-0.045429900920322536,2,stop_z_exit
236,2025-10-10 23:00:00+00:00,2025-10-13 20:00:00+00:00,SHORT_SPREAD,2.3666,96.77,2.6433,101.16,-1056.3677850080285,68.01788685406349,6.301557177617369,7.502030924454604,3.7510154622273015,-4.951489209064537,-0.0005451926497608093,69,mean_reversion_exit
237,2025-10-16 20:00:00+00:00,2025-10-17 07:00:00+00:00,SHORT_SPREAD,2.2936,90.09,2.2381,85.18,-1089.9895361004535,73.0612821719139,-298.23647621052197,7.097982602807111,3.5489913014035555,-308.8834501147326,-0.034010169370262466,11,stop_z_exit
238,2025-10-21 18:00:00+00:00,2025-10-22 02:00:00+00:00,LONG_SPREAD,2.4836,96.43,2.4225,92.96,1006.6033177645353,-68.25770933182332,175.35078866601455,7.146329643055443,3.573164821527721,164.6312942014314,0.018127025573420753,8,mean_reversion_exit
239,2025-10-24 07:00:00+00:00,2025-10-25 02:00:00+00:00,LONG_SPREAD,2.4395,96.04,2.5454,96.18,1024.8001639680263,-68.53489078371224,98.93145265449434,7.312921217523754,3.6564606087618765,87.96207082820871,0.009685222454991326,19,mean_reversion_exit
240,2025-10-26 19:00:00+00:00,2025-10-28 06:00:00+00:00,LONG_SPREAD,2.6136,99.21,2.6472,105.48,956.5350474441384,-66.34503488426293,-383.84379113020594,7.444921907221563,3.7224609536107813,-395.0111739910383,-0.043493417745726785,35,stop_z_exit
241,2025-10-30 14:00:00+00:00,2025-10-31 14:00:00+00:00,SHORT_SPREAD,2.4716,93.23,2.5072,95.8,-1011.4905324486162,70.60056753049152,145.4343955981919,7.352653737297594,3.676326868648797,134.4054149922455,0.014798950628364069,24,mean_reversion_exit
242,2025-11-01 20:00:00+00:00,2025-11-03 01:00:00+00:00,LONG_SPREAD,2.5076,100.03,2.4906,97.81,996.9692135906843,-65.80116875804983,129.13011801182904,7.2004619001846155,3.6002309500923073,118.32942516155212,0.013028874773754787,29,mean_reversion_exit
243,2025-11-03 16:00:00+00:00,2025-11-05 22:00:00+00:00,SHORT_SPREAD,2.3723,88.11,2.3518,89.46,-1053.8296168275513,74.7031087375749,122.4527039406907,7.297371004554484,3.6486855022772415,111.50664743385897,0.012277640526635663,54,mean_reversion_exit
244,2025-11-07 08:00:00+00:00,2025-11-07 12:00:00+00:00,LONG_SPREAD,2.2174,90.24,2.1678,86.61,1127.4465590331017,-72.93983722149517,208.85025978598543,7.137395545317352,3.5686977726586755,198.14416646800942,0.0218170208174098,4,mean_reversion_exit
245,2025-11-07 15:00:00+00:00,2025-11-07 16:00:00+00:00,LONG_SPREAD,2.2113,93.05,2.2621,103.28,1130.5566861122416,-70.7371403639734,-666.2086662689461,7.578102018925359,3.7890510094626793,-677.5758192973342,-0.0746057076445403,1,stop_z_exit
246,2025-11-12 17:00:00+00:00,2025-11-14 07:00:00+00:00,SHORT_SPREAD,2.3474,96.1,2.306,98.15,-1065.0080940615148,68.49210104961212,184.5001422458522,7.3041997175172035,3.6520998587586018,173.5438426695764,0.019108357796981754,38,mean_reversion_exit
247,2025-11-15 02:00:00+00:00,2025-11-16 15:00:00+00:00,LONG_SPREAD,2.2994,105.2,2.1855,97.76,1087.2401496042446,-62.567404095700795,341.66483343209063,7.029937472889404,3.514968736444702,331.11992722275653,0.03645855678746125,37,mean_reversion_exit
248,2025-11-20 17:00:00+00:00,2025-11-24 16:00:00+00:00,SHORT_SPREAD,2.0026,87.01,2.1172,84.87,-1248.3771097573153,75.64752224879581,-304.94971439061123,7.258144056360486,3.629072028180243,-315.836930475152,-0.0347757948664903,95,mean_reversion_exit
249,2025-11-25 08:00:00+00:00,2025-11-25 18:00:00+00:00,SHORT_SPREAD,2.1892,83.61,2.1815,85.6,-1141.9696692855837,78.72372815294491,165.45338547785877,7.324819549722525,3.662409774861262,154.466156153275,0.017007774715009645,10,mean_reversion_exit
250,2025-11-29 18:00:00+00:00,2025-11-30 13:00:00+00:00,SHORT_SPREAD,2.1996,83.53,2.204,84.75,-1136.5702855064555,78.79912499542348,91.1340232381882,7.3061270653944375,3.6530635326972183,80.17483264009655,0.00882779454939815,19,mean_reversion_exit
251,2025-12-01 01:00:00+00:00,2025-12-02 13:00:00+00:00,SHORT_SPREAD,2.0772,78.41,2.0432,79.32,-1203.5432312728674,83.94453399907823,117.3099958024382,7.279860351124533,3.6399301755622666,106.3902052757514,0.011714285434914968,36,mean_reversion_exit
252,2025-12-09 16:00:00+00:00,2025-12-11 00:00:00+00:00,LONG_SPREAD,2.1642,87.03,2.028,82.75,1155.1612605119674,-75.63013800836175,166.36402699405835,7.073260746951171,3.5366303734755853,155.75413587363158,0.017149590045091336,32,mean_reversion_exit
253,2025-12-14 15:00:00+00:00,2025-12-15 04:00:00+00:00,SHORT_SPREAD,1.99,78.88,1.9994,80.75,-1256.2814070351758,83.44435738929671,144.2319030918545,7.332812726111825,3.6664063630559127,133.23268400268677,0.01466982496764695,13,mean_reversion_exit
254,2025-12-15 16:00:00+00:00,2025-12-16 11:00:00+00:00,SHORT_SPREAD,1.9114,77.04,1.9195,78.91,-1307.9418227477242,85.43731711925913,149.1734542487572,7.3338175734050886,3.6669087867025443,138.17272788864958,0.01521375740946511,19,mean_reversion_exit
255,2025-12-17 18:00:00+00:00,2025-12-18 13:00:00+00:00,SHORT_SPREAD,1.8572,75.52,1.9126,78.08,-1346.112427309929,87.15692413754931,148.5470973191562,7.384751270400218,3.6923756352001087,137.46997041355587,0.015136379030192035,19,mean_reversion_exit
256,2025-12-18 18:00:00+00:00,2025-12-19 14:00:00+00:00,SHORT_SPREAD,1.8425,74.42,1.8763,76.52,-1356.85210312076,88.44518826750503,139.8732942762783,7.358311327273077,3.679155663636538,128.83582728536868,0.014185701128712815,20,mean_reversion_exit
257,2025-12-22 16:00:00+00:00,2025-12-22 19:00:00+00:00,LONG_SPREAD,1.9387,78.84,1.901,77.03,1289.5239077732501,-83.48669344073724,102.49586380468295,7.185782342113866,3.5928911710569325,91.71719029151215,0.010098686656149016,3,mean_reversion_exit
258,2025-12-26 05:00:00+00:00,2025-12-26 16:00:00+00:00,LONG_SPREAD,1.8688,77.83,1.8334,76.08,1337.7568493150684,-84.5701003580589,100.6410831608495,7.187531021457238,3.5937655107286184,89.85978662866364,0.009894173875878792,11,mean_reversion_exit
259,2025-12-27 12:00:00+00:00,2025-12-28 21:00:00+00:00,LONG_SPREAD,1.8501,78.18,1.8611,78.11,1351.2783092805794,-84.19149284814176,20.75746590145674,7.2692609914552655,3.6346304957276327,9.853574414273842,0.0010849455825731665,33,mean_reversion_exit
260,2025-12-31 17:00:00+00:00,2026-01-01 00:00:00+00:00,SHORT_SPREAD,1.8336,76.41,1.8442,77.0,-1363.4380453752183,86.14174729574302,36.37118762351114,3.6328363643470896,1.8164181821735446,30.921933076990506,0.003404715211558718,7,end_of_backtest_exit
