asset_a,asset_b,start_date,end_date,observations,correlation,coint_stat,coint_pvalue,adf_stat,adf_pvalue,hedge_ratio,half_life,spread_mean,spread_std,selected
BTC/USDT:USDT,ETH/USDT:USDT,2023-03-23T15:00:00+00:00,2026-01-01T00:00:00+00:00,5000,0.5777015862353558,-0.6107061205908688,0.9554494379124343,-0.6077146671644224,0.8692292821823268,0.29351352379781476,2419.4508694215765,9.181766222945209,0.08589422312357886,False
BTC/USDT:USDT,BNB/USDT:USDT,2023-03-23T15:00:00+00:00,2026-01-01T00:00:00+00:00,5000,0.0823799885861167,-0.6513888491071257,0.9516339612196728,-0.6459626897430201,0.8602545409373401,0.048454568536439944,1962.2124653203753,11.247553854086132,0.10487286077033886,False
BTC/USDT:USDT,SOL/USDT:USDT,2023-03-23T15:00:00+00:00,2026-01-01T00:00:00+00:00,5000,0.8304224933391444,-1.4399756275152444,0.7834826303495925,-1.4395925265342053,0.5631547718938941,0.45265416773292044,725.2401448132346,9.251902608444222,0.058627529598645964,False
BTC/USDT:USDT,XRP/USDT:USDT,2023-03-23T15:00:00+00:00,2026-01-01T00:00:00+00:00,5000,0.872294583087587,-1.8901428897307084,0.5849978329749528,-1.8902977183619303,0.33663904562075986,0.5201546788138922,417.5977748387873,11.094311668899504,0.051455707014567274,False
BTC/USDT:USDT,ADA/USDT:USDT,2023-03-23T15:00:00+00:00,2026-01-01T00:00:00+00:00,5000,0.9391649297486339,-2.302773250127161,0.3721697746902699,-2.3025642000464654,0.1711422996483617,0.3416272078744309,246.03708913604737,11.729111576337658,0.03614316504798667,False
BTC/USDT:USDT,DOGE/USDT:USDT,2023-03-23T15:00:00+00:00,2026-01-01T00:00:00+00:00,5000,0.9049004015253154,-2.206363196988127,0.4210846057065693,-2.2061052422641763,0.20403707312535585,0.4331106578035724,327.2823451438099,12.295315831898538,0.04478857841411531,False
BTC/USDT:USDT,AVAX/USDT:USDT,2023-03-23T15:00:00+00:00,2026-01-01T00:00:00+00:00,5000,0.8984902024472,-1.9722963479664912,0.5429453197267134,-1.972027469424664,0.2989711245057336,0.3391182948933268,339.03876478479106,10.559080338603097,0.04619553071063267,False
BTC/USDT:USDT,LINK/USDT:USDT,2023-03-23T15:00:00+00:00,2026-01-01T00:00:00+00:00,5000,0.7442666444453955,-1.272060731356962,0.8380079706989829,-1.2718217043967561,0.6419633233951125,0.3268177231312744,958.9525909818676,10.650759705607204,0.07028164636576442,False
BTC/USDT:USDT,DOT/USDT:USDT,2023-03-23T15:00:00+00:00,2026-01-01T00:00:00+00:00,5000,0.9175467080327868,-2.64250465236628,0.2209350056970698,-2.6434638691034715,0.08434270455255133,0.35829260401848495,238.1958238111562,11.152698778139625,0.04184261085478388,False
BTC/USDT:USDT,LTC/USDT:USDT,2023-03-23T15:00:00+00:00,2026-01-01T00:00:00+00:00,5000,0.8093768497702412,-1.8474427857230349,0.6064045660516486,-1.8470721633253493,0.3573545541106957,0.572753309498681,349.2426555116762,8.949952534321524,0.061800805519816385,False
BTC/USDT:USDT,BCH/USDT:USDT,2023-03-23T15:00:00+00:00,2026-01-01T00:00:00+00:00,5000,0.06385121948746246,-0.49683995992216023,0.964555781132066,-0.48944537934762294,0.8940597550424538,0.07173156006150391,2351.524736403575,11.124099137605223,0.10501580980935978,False
BTC/USDT:USDT,ATOM/USDT:USDT,2023-03-23T15:00:00+00:00,2026-01-01T00:00:00+00:00,5000,0.8950227002738878,-2.3991611032775233,0.32525240718796944,-2.4009690578234517,0.14146308606425384,0.32557761695892945,286.9001234607669,11.162575105126967,0.04693498754520476,False
BTC/USDT:USDT,NEAR/USDT:USDT,2023-03-23T15:00:00+00:00,2026-01-01T00:00:00+00:00,5000,0.8779568179127911,-2.5504892188891137,0.2572670084318166,-2.550311559684739,0.10370774966407736,0.46823750336288683,250.50542896444426,11.184107987891716,0.05037805104486806,False
BTC/USDT:USDT,APT/USDT:USDT,2023-03-23T15:00:00+00:00,2026-01-01T00:00:00+00:00,5000,0.9069276830777989,-2.4558742126978084,0.2988686265086692,-2.4584111875867856,0.1259239404352691,0.25452160014860303,242.93929517556387,11.251113127925505,0.04433218881465004,False
BTC/USDT:USDT,ARB/USDT:USDT,2023-03-23T15:00:00+00:00,2026-01-01T00:00:00+00:00,5000,0.909203501446391,-2.4068656249650258,0.3216101807247864,-2.40661816905756,0.13987718567186785,0.28769500207006127,292.22889766017676,11.886206983961104,0.04381294651467568,False
BTC/USDT:USDT,OP/USDT:USDT,2023-03-23T15:00:00+00:00,2026-01-01T00:00:00+00:00,5000,0.9079696966873365,-2.5980797104991633,0.23760465010266762,-2.5978362843748717,0.09344528858286388,0.26859276921558206,268.89514441926605,11.748099405977198,0.04409536714270541,False
ETH/USDT:USDT,BNB/USDT:USDT,2023-03-23T15:00:00+00:00,2026-01-01T00:00:00+00:00,5000,0.6707255449598152,-0.9318082452780247,0.9150360664399021,-0.9314285381232359,0.7774464679574098,0.7764853994182559,1501.379402763452,2.906076330357874,0.1536203745922375,False
ETH/USDT:USDT,SOL/USDT:USDT,2023-03-23T15:00:00+00:00,2026-01-01T00:00:00+00:00,5000,0.8495614204448959,-1.792370124676691,0.6334207735238302,-1.7932089682924903,0.3838384266325667,0.911460065163402,671.5801012938946,3.4760133526692765,0.10925246250280375,False
ETH/USDT:USDT,XRP/USDT:USDT,2023-03-23T15:00:00+00:00,2026-01-01T00:00:00+00:00,5000,0.7578369540737634,-1.4721377191089713,0.771720285107182,-1.4731729667591602,0.5467381006460238,0.8894479862387662,922.6313576881065,7.331826139504137,0.13513270610934291,False
ETH/USDT:USDT,ADA/USDT:USDT,2023-03-23T15:00:00+00:00,2026-01-01T00:00:00+00:00,5000,0.6908354829334097,-2.112355299363519,0.46991046482279686,-2.122071132073436,0.2357327927851227,0.49460746198725103,794.2388050073237,8.376917453020683,0.14974859005787203,False
ETH/USDT:USDT,DOGE/USDT:USDT,2023-03-23T15:00:00+00:00,2026-01-01T00:00:00+00:00,5000,0.7583242943146674,-1.8860795260253158,0.5870501719472951,-1.8179255157880483,0.37159918633984335,0.7143787099084422,827.5529592028213,9.34188843162888,0.1350153757867844,False
ETH/USDT:USDT,AVAX/USDT:USDT,2023-03-23T15:00:00+00:00,2026-01-01T00:00:00+00:00,5000,0.7054322123844126,-2.2345129243146267,0.40664385291263655,-2.2434356300026064,0.19086002946576897,0.5240450280547241,749.2498751515127,6.583875093484259,0.14680035331314154,False
ETH/USDT:USDT,LINK/USDT:USDT,2023-03-23T15:00:00+00:00,2026-01-01T00:00:00+00:00,5000,0.9279154199741063,-2.124362129836204,0.4636406928338085,-2.1249635204726003,0.23459582867460627,0.8019750913419633,365.0036400793787,5.885783134551857,0.07721157619793145,False
ETH/USDT:USDT,DOT/USDT:USDT,2023-03-23T15:00:00+00:00,2026-01-01T00:00:00+00:00,5000,0.4551158423433607,-2.1803126213531905,0.4345378912914458,-2.2133627879589177,0.20143133254241058,0.34978973381986034,825.8566782863177,7.741528117338367,0.1844242893165125,False
ETH/USDT:USDT,LTC/USDT:USDT,2023-03-23T15:00:00+00:00,2026-01-01T00:00:00+00:00,5000,0.8282138836935239,-2.1493099346700557,0.45063616352042146,-2.1520147271662795,0.2241196996028666,1.1535456322016293,311.3464748732925,2.866840436562711,0.11607128048043028,False
ETH/USDT:USDT,BCH/USDT:USDT,2023-03-23T15:00:00+00:00,2026-01-01T00:00:00+00:00,5000,0.6079236504384748,-1.2137430342829152,0.8542654835753988,-1.2134201491952175,0.667796224063699,1.3442051747991268,836.7734062895339,-0.296268977528696,0.1644505302216806,False
ETH/USDT:USDT,ATOM/USDT:USDT,2023-03-23T15:00:00+00:00,2026-01-01T00:00:00+00:00,5000,0.38958300432700066,-2.0186949713303655,0.5188473919420191,-2.020997750694239,0.27744287898743414,0.2789304552738339,832.8015398817286,7.8004759375796535,0.1907536245717052,False
ETH/USDT:USDT,NEAR/USDT:USDT,2023-03-23T15:00:00+00:00,2026-01-01T00:00:00+00:00,5000,0.5992281406008787,-2.0862963315518606,0.48353214453121074,-2.0951894412715593,0.24645334601343355,0.6290145386299723,807.3782878277107,7.628686472397554,0.1658139498843484,False
ETH/USDT:USDT,APT/USDT:USDT,2023-03-23T15:00:00+00:00,2026-01-01T00:00:00+00:00,5000,0.3215131096729193,-1.9604749231819494,0.5490525145788516,-1.9640666646672125,0.30254736668737614,0.17759311136477474,839.3583970563897,7.9278219368096545,0.19612082510708478,False
ETH/USDT:USDT,ARB/USDT:USDT,2023-03-23T15:00:00+00:00,2026-01-01T00:00:00+00:00,5000,0.6571956530597607,-2.0433888191883356,0.5059630249635921,-2.046891228712395,0.26639865843442595,0.40929962191936325,819.7502377421898,8.596545352486746,0.15610876802843557,False
ETH/USDT:USDT,OP/USDT:USDT,2023-03-23T15:00:00+00:00,2026-01-01T00:00:00+00:00,5000,0.5112923364337505,-2.103399476122439,0.47459025746455313,-2.106567822554639,0.24188186159632769,0.2976923603242614,832.0381826160966,8.345657083773206,0.17799838348712296,False
BNB/USDT:USDT,SOL/USDT:USDT,2023-03-23T15:00:00+00:00,2026-01-01T00:00:00+00:00,5000,0.46760264341868174,-1.33330850948447,0.8194585045202265,-1.337965923325297,0.6116289154921443,0.4333425888155305,1391.8895231752085,4.534333526219364,0.1581433682529502,False
BNB/USDT:USDT,XRP/USDT:USDT,2023-03-23T15:00:00+00:00,2026-01-01T00:00:00+00:00,5000,0.1623068430967311,-1.525523036797046,0.7512755074647959,-1.5294193048191,0.5189111005095536,0.16454820959502053,1084.6224237376591,6.606274456224794,0.17653534790898293,False
BNB/USDT:USDT,ADA/USDT:USDT,2023-03-23T15:00:00+00:00,2026-01-01T00:00:00+00:00,5000,0.10220898329146179,-1.6933521776248015,0.6799344416226266,-1.694597936018653,0.4338979100987263,0.0632101250643263,940.1613883884079,6.786855929170174,0.17797065446362895,False
BNB/USDT:USDT,DOGE/USDT:USDT,2023-03-23T15:00:00+00:00,2026-01-01T00:00:00+00:00,5000,0.24457898468960138,-1.5492310863162408,0.7418342749187814,-1.550820491847522,0.5082383240108567,0.19902343811443035,1168.0572154749314,7.089334128976057,0.17347406665109752,False
BNB/USDT:USDT,AVAX/USDT:USDT,2023-03-23T15:00:00+00:00,2026-01-01T00:00:00+00:00,5000,0.21572527973489372,-1.6522870695188034,0.6983244786803241,-1.653731493776865,0.45509507383200387,0.13842862710219825,1021.1367531767321,6.343635229171977,0.17469506174194968,False
BNB/USDT:USDT,LINK/USDT:USDT,2023-03-23T15:00:00+00:00,2026-01-01T00:00:00+00:00,5000,0.4334514071078678,-1.3246416762494622,0.8221762471690215,-1.3281477943791993,0.6161983216418359,0.32359697866314263,1389.6535313281756,5.84318773980868,0.16122740607426758,False
BNB/USDT:USDT,DOT/USDT:USDT,2023-03-23T15:00:00+00:00,2026-01-01T00:00:00+00:00,5000,-0.10154131491616573,-1.7315662828440854,0.6623282779054045,-1.7322383480934245,0.41458349981358433,-0.06741234609026561,794.0695736070708,6.837806606995808,0.1779828871920411,False
BNB/USDT:USDT,LTC/USDT:USDT,2023-03-23T15:00:00+00:00,2026-01-01T00:00:00+00:00,5000,0.2889424996511961,-1.441269923828188,0.7830174173745463,-1.442442806532594,0.5617679894381165,0.34762840139053197,1256.1031184683163,5.1650767447597845,0.17127655902350178,False
BNB/USDT:USDT,BCH/USDT:USDT,2023-03-23T15:00:00+00:00,2026-01-01T00:00:00+00:00,5000,0.4280921646293623,-1.107834781949117,0.8804137116669996,-1.1075913724169844,0.7120350781469252,0.8176460738976952,1109.3206383880347,1.6183621465934868,0.16168507709299348,False
BNB/USDT:USDT,ATOM/USDT:USDT,2023-03-23T15:00:00+00:00,2026-01-01T00:00:00+00:00,5000,-0.23920327496766955,-1.7545877341005576,0.6515066578177015,-1.7550199000588762,0.4030104488795887,-0.1479362506976659,716.9617375699579,6.945756188694267,0.17371382777594377,False
BNB/USDT:USDT,NEAR/USDT:USDT,2023-03-23T15:00:00+00:00,2026-01-01T00:00:00+00:00,5000,0.15405736096533906,-1.6532864232682165,0.6978837417381625,-1.6547882721936649,0.4545444106519847,0.13968909072799424,1041.8671687636615,6.641723528549945,0.17677178696107293,False
BNB/USDT:USDT,APT/USDT:USDT,2023-03-23T15:00:00+00:00,2026-01-01T00:00:00+00:00,5000,-0.1958360942386104,-1.7172168754504613,0.6689929720707312,-1.7177254061512945,0.4220037300951397,-0.0934397616788742,767.7399192874084,6.877260956195929,0.17544335088019056,False
BNB/USDT:USDT,ARB/USDT:USDT,2023-03-23T15:00:00+00:00,2026-01-01T00:00:00+00:00,5000,0.006221080804768554,-1.724456819013292,0.6656382138828083,-1.7254448923198804,0.4180524754898991,0.0033467560469524777,870.3495998249557,6.761966069222939,0.17890414073006097,False
BNB/USDT:USDT,OP/USDT:USDT,2023-03-23T15:00:00+00:00,2026-01-01T00:00:00+00:00,5000,-0.13351819853191108,-1.7598478362235856,0.6490124197497102,-1.7605279447815896,0.40022695910603795,-0.06715068130761885,768.5573189388205,6.715076302064833,0.17730572879220846,False
SOL/USDT:USDT,XRP/USDT:USDT,2023-03-23T15:00:00+00:00,2026-01-01T00:00:00+00:00,5000,0.8363224815039497,-1.6696848611107475,0.6906026348631421,-1.6695161506345488,0.44688312726053714,0.9149043363232783,621.0141100150348,4.286693670288689,0.10583842595639015,False
SOL/USDT:USDT,ADA/USDT:USDT,2023-03-23T15:00:00+00:00,2026-01-01T00:00:00+00:00,5000,0.8942523734522619,-2.206295989628941,0.42111921091709675,-2.206047291431826,0.20405796481083943,0.596764894124919,402.1280612263123,5.401387477275274,0.08640295885092687,False
SOL/USDT:USDT,DOGE/USDT:USDT,2023-03-23T15:00:00+00:00,2026-01-01T00:00:00+00:00,5000,0.9393862882129022,-2.3334579783233846,0.35698174178524816,-2.333663614428495,0.16134048342992274,0.8248498265111486,278.6527453160258,6.504002284641247,0.06618993900453922,False
SOL/USDT:USDT,AVAX/USDT:USDT,2023-03-23T15:00:00+00:00,2026-01-01T00:00:00+00:00,5000,0.9336140788503672,-2.8312288368587626,0.15595038199368416,-2.8309673233236996,0.05398464569278552,0.6464543277533636,236.20127324713337,3.1955493573799467,0.0691667346760759,False
SOL/USDT:USDT,LINK/USDT:USDT,2023-03-23T15:00:00+00:00,2026-01-01T00:00:00+00:00,5000,0.9260844988249091,-2.0762110318448195,0.48880623543996204,-2.0758316414568503,0.2543431954796067,0.7460367816822783,297.50611567666044,3.022374889202502,0.0728416561830534,False
SOL/USDT:USDT,DOT/USDT:USDT,2023-03-23T15:00:00+00:00,2026-01-01T00:00:00+00:00,5000,0.776258078102342,-2.0917648434181806,0.4806726274541289,-2.0932489233620557,0.2472378944282984,0.5560942128890524,540.9670509452327,4.476745933521125,0.12170294733006919,False
SOL/USDT:USDT,LTC/USDT:USDT,2023-03-23T15:00:00+00:00,2026-01-01T00:00:00+00:00,5000,0.8481927967645678,-1.9595177689792111,0.5495463076035564,-1.9591846393430776,0.3047508060377484,1.1011436780688653,292.02403849140995,0.08540561885265527,0.10225727304780656,False
SOL/USDT:USDT,BCH/USDT:USDT,2023-03-23T15:00:00+00:00,2026-01-01T00:00:00+00:00,5000,0.32445268802409855,-0.4302167989967714,0.9689446077749421,-0.4291578890661081,0.9051154475418273,0.6686903215602596,3215.2373512466525,0.9286265071123254,0.18260829031044604,False
SOL/USDT:USDT,ATOM/USDT:USDT,2023-03-23T15:00:00+00:00,2026-01-01T00:00:00+00:00,5000,0.7064811166731162,-1.8833218530360922,0.588441295669042,-1.8831852763506491,0.3400121594256159,0.47146952803779174,612.7851965622596,4.534955364421983,0.13662908106883837,False
SOL/USDT:USDT,NEAR/USDT:USDT,2023-03-23T15:00:00+00:00,2026-01-01T00:00:00+00:00,5000,0.8199376565468323,-2.2402080213449813,0.40373632370761053,-2.2413848208800506,0.19156933760032385,0.8022439541094504,438.77674049052206,4.462455699826496,0.11051318240102866,False
SOL/USDT:USDT,APT/USDT:USDT,2023-03-23T15:00:00+00:00,2026-01-01T00:00:00+00:00,5000,0.6842597062925557,-1.8959325549167578,0.5820684191075411,-1.895796014881592,0.3340413752499444,0.35229423297391615,598.1343929059741,4.683884619110347,0.14078095742411342,False
SOL/USDT:USDT,ARB/USDT:USDT,2023-03-23T15:00:00+00:00,2026-01-01T00:00:00+00:00,5000,0.8584159723413812,-1.9844172705293945,0.5366681088121299,-1.9846662241558,0.29333663114998937,0.4983122784447571,435.2835753454486,5.671218073159679,0.09902685276768179,False
SOL/USDT:USDT,OP/USDT:USDT,2023-03-23T15:00:00+00:00,2026-01-01T00:00:00+00:00,5000,0.7786074299983667,-1.9054369606717025,0.5772467421587906,-1.9054478894703484,0.3295026078441633,0.42254608979334213,549.5929864736081,5.40450263584717,0.12114233843283925,False
XRP/USDT:USDT,ADA/USDT:USDT,2023-03-23T15:00:00+00:00,2026-01-01T00:00:00+00:00,5000,0.9198755565451643,-2.782672893436354,0.17126010240598716,-2.7832992948478537,0.06069922871331936,0.5611388393843847,300.8307577668658,1.1772687432720075,0.06921361274006439,False
XRP/USDT:USDT,DOGE/USDT:USDT,2023-03-23T15:00:00+00:00,2026-01-01T00:00:00+00:00,5000,0.9385145981824236,-2.7165748601177486,0.19367407569866307,-2.717095174197492,0.0711264860695829,0.7533031584399306,246.14079309753595,2.1769656210138066,0.06092464563098244,False
XRP/USDT:USDT,AVAX/USDT:USDT,2023-03-23T15:00:00+00:00,2026-01-01T00:00:00+00:00,5000,0.8777219400556711,-2.2892729420604945,0.3789175336479547,-2.2891504750460783,0.17549103908611796,0.5555529969496106,363.06516480236485,-0.7401744598611939,0.08455949414794141,False
XRP/USDT:USDT,LINK/USDT:USDT,2023-03-23T15:00:00+00:00,2026-01-01T00:00:00+00:00,5000,0.8563435404301599,-1.4150760416124473,0.792298881270722,-1.4145498208291853,0.5752812173164097,0.6306025702441931,589.4201148146133,-0.8592180710934226,0.09113059821218376,False
XRP/USDT:USDT,DOT/USDT:USDT,2023-03-23T15:00:00+00:00,2026-01-01T00:00:00+00:00,5000,0.830513074771071,-2.5960188384967244,0.23843762825361692,-2.5968659413849293,0.0936467452464857,0.5438596040410849,388.5063226599725,0.28311692629817836,0.09829399444593545,False
XRP/USDT:USDT,LTC/USDT:USDT,2023-03-23T15:00:00+00:00,2026-01-01T00:00:00+00:00,5000,0.9335856534714312,-3.361620262955031,0.04679568868812218,-3.3611859382439526,0.012355385279160023,1.1079028114098737,121.07577667520255,-4.153623433104531,0.06323901918296092,True
XRP/USDT:USDT,BCH/USDT:USDT,2023-03-23T15:00:00+00:00,2026-01-01T00:00:00+00:00,5000,0.3316491766233869,-0.2570928275262884,0.9777629638389989,-0.25663319448971017,0.9314257535443746,0.6248138814020039,5254.374417963975,-3.003602423274719,0.1664828961252673,False
XRP/USDT:USDT,ATOM/USDT:USDT,2023-03-23T15:00:00+00:00,2026-01-01T00:00:00+00:00,5000,0.8152140988187898,-2.503977053988199,0.27731784378578,-2.5040775872723087,0.11448535346555011,0.49730501392940235,397.10134367227215,0.2941759706828796,0.10220468646004395,False
XRP/USDT:USDT,NEAR/USDT:USDT,2023-03-23T15:00:00+00:00,2026-01-01T00:00:00+00:00,5000,0.8705587515282496,-2.9495572025883505,0.12268790881566544,-2.9505398541474257,0.03977868018177899,0.778613252875842,267.04014414704983,0.2741340971751578,0.08683493614768015,False
XRP/USDT:USDT,APT/USDT:USDT,2023-03-23T15:00:00+00:00,2026-01-01T00:00:00+00:00,5000,0.7503509685705351,-2.2731030607581917,0.3870480814481128,-2.2729726311603766,0.18083303275502083,0.35314015238871477,461.73612894606305,0.4747578461552401,0.11665409221447015,False
XRP/USDT:USDT,ARB/USDT:USDT,2023-03-23T15:00:00+00:00,2026-01-01T00:00:00+00:00,5000,0.9040107595293828,-2.7099835820680425,0.19600854448993787,-2.7100080153926904,0.07232239882507112,0.4797063676449037,277.4415118669621,1.4430430824719962,0.07544291192423169,False
XRP/USDT:USDT,OP/USDT:USDT,2023-03-23T15:00:00+00:00,2026-01-01T00:00:00+00:00,5000,0.8675173884357888,-2.6192490927221086,0.22914719499911307,-2.6192506748883497,0.08908345725701966,0.4303599191810007,321.7920164626271,1.2014873988550212,0.0877777073624396,False
ADA/USDT:USDT,DOGE/USDT:USDT,2023-03-23T15:00:00+00:00,2026-01-01T00:00:00+00:00,5000,0.9656295472871039,-2.931247245263144,0.1274657372021381,-2.9314136007436526,0.041815078842492484,1.2705684045845613,222.07655270309664,1.6619996323232848,0.07519252647037566,False
ADA/USDT:USDT,AVAX/USDT:USDT,2023-03-23T15:00:00+00:00,2026-01-01T00:00:00+00:00,5000,0.9564740726350899,-1.8544194335552955,0.6029323297891049,-1.6691278533146021,0.4470847896544236,0.9924313882307781,404.55025060182396,-3.4242043295104856,0.08441940370120857,False
ADA/USDT:USDT,LINK/USDT:USDT,2023-03-23T15:00:00+00:00,2026-01-01T00:00:00+00:00,5000,0.8721717178717917,-0.9860292042160237,0.9054650191032517,-0.9830640205638411,0.7593910851306209,1.0528547459852682,1152.506855959372,-3.428590691948995,0.1415199060494571,False
ADA/USDT:USDT,DOT/USDT:USDT,2023-03-23T15:00:00+00:00,2026-01-01T00:00:00+00:00,5000,0.9465079436309735,-2.168729359911345,0.44054279614523045,-2.168564254094753,0.2178519551350523,1.0160693255729951,438.95735441229374,-1.6486970434211008,0.09334777101433955,False
ADA/USDT:USDT,LTC/USDT:USDT,2023-03-23T15:00:00+00:00,2026-01-01T00:00:00+00:00,5000,0.8907418341886161,-2.2801625322268197,0.38349215134948256,-2.2801810554240918,0.17843966319093374,1.732838522040897,249.75138424518593,-8.393072106300433,0.13148441687534415,False
ADA/USDT:USDT,BCH/USDT:USDT,2023-03-23T15:00:00+00:00,2026-01-01T00:00:00+00:00,5000,0.13602632890985145,0.5432212312729617,0.9929161644194441,0.5483931862123727,0.9862720695554211,0.42010076538575564,,-3.091919889439333,0.286599657840293,False
ADA/USDT:USDT,ATOM/USDT:USDT,2023-03-23T15:00:00+00:00,2026-01-01T00:00:00+00:00,5000,0.9232005079280173,-1.6651206056066141,0.692638445482619,-1.6649753926068944,0.44924250270662963,0.9232215637188569,672.7308633208147,-1.620597288340742,0.1111789764826336,False
ADA/USDT:USDT,NEAR/USDT:USDT,2023-03-23T15:00:00+00:00,2026-01-01T00:00:00+00:00,5000,0.9111335332449368,-2.569376243747798,0.2493578266283839,-2.569041959915176,0.09956594482269993,1.3358708882821684,277.2254943880132,-1.5663143678539044,0.11921905864064872,False
ADA/USDT:USDT,APT/USDT:USDT,2023-03-23T15:00:00+00:00,2026-01-01T00:00:00+00:00,5000,0.8856500880905376,-1.4445422569378226,0.7818381806418898,-1.444649834281574,0.5606932908640272,0.683287651132565,763.8410321308477,-1.3206092960939615,0.13433206324683133,False
ADA/USDT:USDT,ARB/USDT:USDT,2023-03-23T15:00:00+00:00,2026-01-01T00:00:00+00:00,5000,0.98210101316798,-2.7094925620630037,0.19618317051691286,-2.707893423421382,0.07268229378593363,0.8543125614288657,163.57665409948603,0.47302007899887494,0.05448893646068543,False
ADA/USDT:USDT,OP/USDT:USDT,2023-03-23T15:00:00+00:00,2026-01-01T00:00:00+00:00,5000,0.9568492754563744,-1.8937786188736419,0.5831589503408295,-1.8933517895394247,0.3351950732504614,0.7781367204581233,408.9236975946849,0.05037453304282743,0.08406281891178377,False
DOGE/USDT:USDT,AVAX/USDT:USDT,2023-03-23T15:00:00+00:00,2026-01-01T00:00:00+00:00,5000,0.9706927439833681,-3.5456014469117987,0.028561409858490722,-3.544558621068704,0.006913818092063131,0.7654583546534192,137.07825050673898,-3.9562560283375334,0.05283731592611851,True
DOGE/USDT:USDT,LINK/USDT:USDT,2023-03-23T15:00:00+00:00,2026-01-01T00:00:00+00:00,5000,0.890546093695812,-1.345931985329014,0.8154449492291419,-1.3425011636619575,0.6095107752837253,0.8170250220429042,634.4685133849513,-3.973673205015152,0.10001219939802018,False
DOGE/USDT:USDT,DOT/USDT:USDT,2023-03-23T15:00:00+00:00,2026-01-01T00:00:00+00:00,5000,0.9017168756125016,-2.194075829743119,0.42742055756324415,-2.1962939616943293,0.20759328366725882,0.7356678376362302,397.01059418264373,-2.5302092942043433,0.09505087458125698,False
DOGE/USDT:USDT,LTC/USDT:USDT,2023-03-23T15:00:00+00:00,2026-01-01T00:00:00+00:00,5000,0.9129836647690781,-2.2069186586811873,0.420798619128869,-2.2058501321525688,0.20412905221523436,1.3498382991595037,206.79429497193027,-7.84971269301291,0.08970150612709654,False
DOGE/USDT:USDT,BCH/USDT:USDT,2023-03-23T15:00:00+00:00,2026-01-01T00:00:00+00:00,5000,0.236623096069534,0.02872984641840266,0.986545825171109,0.03197087879421139,0.9610975367125784,0.5553926431326286,40511.628555184,-5.154435778769711,0.21361507344235495,False
DOGE/USDT:USDT,ATOM/USDT:USDT,2023-03-23T15:00:00+00:00,2026-01-01T00:00:00+00:00,5000,0.8525713848773068,-1.9742306976443769,0.5419445492086988,-1.9740752999656404,0.298054560879745,0.647967393201827,508.8919568970478,-2.483925048893338,0.1149005423901317,False
DOGE/USDT:USDT,NEAR/USDT:USDT,2023-03-23T15:00:00+00:00,2026-01-01T00:00:00+00:00,5000,0.9252876842435522,-3.0347995505200673,0.10216355027679264,-3.0346723975499414,0.03178086784448995,1.031031019163622,221.31639726838054,-2.523839949282584,0.08338494090155603,False
DOGE/USDT:USDT,APT/USDT:USDT,2023-03-23T15:00:00+00:00,2026-01-01T00:00:00+00:00,5000,0.8166315106892694,-1.9337885009224467,0.5627769085006905,-1.9336262428474529,0.3164113081005304,0.47882854232871075,509.6241801182746,-2.272435179893178,0.12689353176295926,False
DOGE/USDT:USDT,ARB/USDT:USDT,2023-03-23T15:00:00+00:00,2026-01-01T00:00:00+00:00,5000,0.9359001998225476,-1.9472701576333418,0.555855014574084,-1.9463232392844199,0.3105925625001326,0.6187321283183227,330.07144092139913,-0.9938194751494277,0.0774485926030831,False
DOGE/USDT:USDT,OP/USDT:USDT,2023-03-23T15:00:00+00:00,2026-01-01T00:00:00+00:00,5000,0.9081723002243777,-1.96317310179039,0.5476599592936109,-1.9630251682694264,0.3030167797858254,0.561297521132693,418.81805222249534,-1.3013778894857766,0.09203210518964745,False
AVAX/USDT:USDT,LINK/USDT:USDT,2023-03-23T15:00:00+00:00,2026-01-01T00:00:00+00:00,5000,0.8650489007075398,-1.5382021586380878,0.74625362346739,-1.5384766958216867,0.5143989348281489,1.0064213207952761,759.008893939616,0.1496055078045462,0.13987408244813956,False
AVAX/USDT:USDT,DOT/USDT:USDT,2023-03-23T15:00:00+00:00,2026-01-01T00:00:00+00:00,5000,0.9092104390245311,-1.7695090872779173,0.6444108888058816,-1.7702485507083348,0.3953292596132755,0.9406676338585578,516.5540228522406,1.8870594096930144,0.11607769721597852,False
AVAX/USDT:USDT,LTC/USDT:USDT,2023-03-23T15:00:00+00:00,2026-01-01T00:00:00+00:00,5000,0.8567702735973877,-2.1640047995778886,0.4429955924710989,-2.16496741329184,0.21920498355482276,1.6063617142208086,308.4198037499109,-4.366518007497409,0.14378036909453476,False
AVAX/USDT:USDT,BCH/USDT:USDT,2023-03-23T15:00:00+00:00,2026-01-01T00:00:00+00:00,5000,0.20366794080180037,-0.06239378121524396,0.9843409736425685,-0.06135556609949245,0.9531542075451346,0.6062138834090505,153495.83980812115,-0.8150075728416226,0.27296337073793303,False
AVAX/USDT:USDT,ATOM/USDT:USDT,2023-03-23T15:00:00+00:00,2026-01-01T00:00:00+00:00,5000,0.8613445504477286,-1.5245144501411036,0.7516722721436767,-1.5252712903629349,0.5209750218888615,0.8301556458507288,775.545295418779,1.9441801351480332,0.14163995606613544,False
AVAX/USDT:USDT,NEAR/USDT:USDT,2023-03-23T15:00:00+00:00,2026-01-01T00:00:00+00:00,5000,0.9086612928376374,-2.651709599419211,0.2174252630013171,-2.651328274930096,0.08284585418395063,1.2839768510827545,274.02112878321896,1.9238892626876645,0.1164114741572568,False
AVAX/USDT:USDT,APT/USDT:USDT,2023-03-23T15:00:00+00:00,2026-01-01T00:00:00+00:00,5000,0.8350056836736253,-1.646161790022055,0.701018275685212,-1.646028586301273,0.45911244882812,0.6208741005702542,755.0133891957603,2.2056991910240433,0.15341122032438495,False
AVAX/USDT:USDT,ARB/USDT:USDT,2023-03-23T15:00:00+00:00,2026-01-01T00:00:00+00:00,5000,0.9319476430843094,-1.9623533660249786,0.5480831213669752,-1.96215674591625,0.30340845778716863,0.7813126534640406,449.8408471109611,3.840939701806241,0.10109348948949151,False
AVAX/USDT:USDT,OP/USDT:USDT,2023-03-23T15:00:00+00:00,2026-01-01T00:00:00+00:00,5000,0.9182063960821223,-1.7912194883698198,0.6339772487745733,-1.7915675463066614,0.38465613635551277,0.7196567481188197,489.8664687704055,3.4595705883857364,0.11043615182597509,False
LINK/USDT:USDT,DOT/USDT:USDT,2023-03-23T15:00:00+00:00,2026-01-01T00:00:00+00:00,5000,0.6998088226082936,-1.9240316382101548,0.5677704471356221,-1.9275373501278505,0.3192195991760746,0.6223175248993398,775.2596156524897,2.094540561773163,0.17118423141052355,False
LINK/USDT:USDT,LTC/USDT:USDT,2023-03-23T15:00:00+00:00,2026-01-01T00:00:00+00:00,5000,0.9019107612789291,-2.5534270668365022,0.25602773996694494,-2.5533005086897003,0.10303823537653511,1.4534609013536641,209.8846338384814,-3.833500221736355,0.1035071868804264,False
LINK/USDT:USDT,BCH/USDT:USDT,2023-03-23T15:00:00+00:00,2026-01-01T00:00:00+00:00,5000,0.4756440290621273,-0.46510182689018403,0.9667252888139207,-0.4629447213500055,0.8990470078417683,1.216875325507027,1842.9221993777244,-4.8215856539429165,0.21079905855732164,False
LINK/USDT:USDT,ATOM/USDT:USDT,2023-03-23T15:00:00+00:00,2026-01-01T00:00:00+00:00,5000,0.6577941313499063,-1.861522426007452,0.5993866392445574,-1.8614346175221643,0.3504151734555563,0.5449208682831579,768.9155037968861,2.137758588235401,0.18049857649236045,False
LINK/USDT:USDT,NEAR/USDT:USDT,2023-03-23T15:00:00+00:00,2026-01-01T00:00:00+00:00,5000,0.7523104132216513,-1.7056849380438412,0.6743027453320404,-1.7067453294551684,0.4276404742001645,0.9137198686788874,720.7535885004173,2.065241110763972,0.15787892144724341,False
LINK/USDT:USDT,APT/USDT:USDT,2023-03-23T15:00:00+00:00,2026-01-01T00:00:00+00:00,5000,0.5855803666493028,-1.7775253315767898,0.6405732222225455,-1.7774306164232354,0.39172292531326053,0.374249690142132,785.284756123709,2.351796889028584,0.19425805966367315,False
LINK/USDT:USDT,ARB/USDT:USDT,2023-03-23T15:00:00+00:00,2026-01-01T00:00:00+00:00,5000,0.8638843831430315,-2.015282007733598,0.5206255947595458,-2.0151311666977154,0.2799782713960279,0.6225149655941394,573.8741052751022,3.501413373786217,0.12070582209150446,False
LINK/USDT:USDT,OP/USDT:USDT,2023-03-23T15:00:00+00:00,2026-01-01T00:00:00+00:00,5000,0.7542387358548048,-1.9080790292849696,0.5759036754273011,-1.9079844540147395,0.32831434472320253,0.5081065006904701,726.1283661220698,3.1554886827541893,0.157349664068866,False
DOT/USDT:USDT,LTC/USDT:USDT,2023-03-23T15:00:00+00:00,2026-01-01T00:00:00+00:00,5000,0.7884740978357111,-1.6635165620321648,0.6933522212989691,-1.672528232205384,0.44531942660827795,1.4288761848201748,565.134063986954,-5.370179663558126,0.1657506511540464,False
DOT/USDT:USDT,BCH/USDT:USDT,2023-03-23T15:00:00+00:00,2026-01-01T00:00:00+00:00,5000,-0.07548583731602808,-0.38111936121789053,0.9717959948827458,-0.3769743855683759,0.9138728283167721,-0.2171685315532929,2393.534530807167,2.543913886892827,0.26871460400914104,False
DOT/USDT:USDT,ATOM/USDT:USDT,2023-03-23T15:00:00+00:00,2026-01-01T00:00:00+00:00,5000,0.9775006000736701,-2.373184284915553,0.33765841041088035,-2.3728971102782244,0.14953255165851803,0.9106004494541851,255.12879690770245,0.025147273735284248,0.056842859547464465,False
DOT/USDT:USDT,NEAR/USDT:USDT,2023-03-23T15:00:00+00:00,2026-01-01T00:00:00+00:00,5000,0.9286413885224446,-2.451708750197149,0.3007717501694547,-2.4526185144484693,0.1274323333621049,1.2683275130971718,237.2399954648062,0.11983149389278672,0.09997262013447418,False
DOT/USDT:USDT,APT/USDT:USDT,2023-03-23T15:00:00+00:00,2026-01-01T00:00:00+00:00,5000,0.9713644881172994,-2.5604925069655082,0.2530608764096981,-2.5599857371203076,0.10155258210957396,0.698111105125639,191.00094673808408,0.2902815915866415,0.06402772600319041,False
DOT/USDT:USDT,ARB/USDT:USDT,2023-03-23T15:00:00+00:00,2026-01-01T00:00:00+00:00,5000,0.9359274246018526,-1.9956766931055032,0.5308246683040837,-1.9954842107024955,0.2885566189067138,0.7584094378468181,524.0205469118598,1.9990438592338917,0.0949101728495372,False
DOT/USDT:USDT,OP/USDT:USDT,2023-03-23T15:00:00+00:00,2026-01-01T00:00:00+00:00,5000,0.9736668439739689,-1.859609363307555,0.6003426398948479,-1.8587144483465372,0.35172526121285597,0.737604711085702,284.1776968887343,1.65401272561871,0.06143565837179586,False
LTC/USDT:USDT,BCH/USDT:USDT,2023-03-23T15:00:00+00:00,2026-01-01T00:00:00+00:00,5000,0.40063075766559975,-0.8909379522987416,0.9216578569011397,-0.8850539139972639,0.7928545238782971,0.636016729632871,829.4258676288814,0.5850503097630116,0.13624922064319026,False
LTC/USDT:USDT,ATOM/USDT:USDT,2023-03-23T15:00:00+00:00,2026-01-01T00:00:00+00:00,5000,0.7470922292598807,-2.4368681139039015,0.30759807214592294,-2.4387795682725115,0.1310888890062455,0.38404125467063993,294.4329539424154,4.096739308732744,0.09884710938795511,False
LTC/USDT:USDT,NEAR/USDT:USDT,2023-03-23T15:00:00+00:00,2026-01-01T00:00:00+00:00,5000,0.8717736113840989,-2.445258629876818,0.3037298977931323,-2.4478805590292922,0.1286757894140737,0.6570220265554982,199.91766804491976,4.03472467670314,0.07285180835041148,False
LTC/USDT:USDT,APT/USDT:USDT,2023-03-23T15:00:00+00:00,2026-01-01T00:00:00+00:00,5000,0.6971791860079911,-2.324844484901656,0.3612233246013803,-2.3265145065413186,0.16355904119420844,0.2764900903126148,299.9970612360536,4.231382920117332,0.10660600792302109,False
LTC/USDT:USDT,ARB/USDT:USDT,2023-03-23T15:00:00+00:00,2026-01-01T00:00:00+00:00,5000,0.8718781697467498,-2.647006313364382,0.2192142872514986,-2.6484495754032515,0.08339134330289305,0.3898613591567691,196.57065507915118,5.004941173091573,0.07282413379595841,False
LTC/USDT:USDT,OP/USDT:USDT,2023-03-23T15:00:00+00:00,2026-01-01T00:00:00+00:00,5000,0.8249498545742255,-2.57187017217441,0.248323782146876,-2.5740163761248933,0.09848734434180484,0.3448527422992318,240.2102667448476,4.805466649233588,0.0840488308432108,False
BCH/USDT:USDT,ATOM/USDT:USDT,2023-03-23T15:00:00+00:00,2026-01-01T00:00:00+00:00,5000,-0.07183101664538283,-3.500131799727467,0.032383706397707004,-3.502836136773974,0.007914554110994017,-0.02325902057348322,172.9742256326392,6.31578411687038,0.0934280761102629,False
BCH/USDT:USDT,NEAR/USDT:USDT,2023-03-23T15:00:00+00:00,2026-01-01T00:00:00+00:00,5000,0.04941913803223604,-3.4974053945942223,0.03262608849841786,-3.4970774909178637,0.008062468273482155,0.023461032755122978,183.39972006134403,6.266731920895862,0.09355559024593696,False
BCH/USDT:USDT,APT/USDT:USDT,2023-03-23T15:00:00+00:00,2026-01-01T00:00:00+00:00,5000,-0.1744476976156896,-3.5620282266000847,0.027278770696122872,-3.564516367493813,0.006476778220978678,-0.04357888841786184,164.77845978663396,6.341778974492045,0.09223374796163354,False
BCH/USDT:USDT,ARB/USDT:USDT,2023-03-23T15:00:00+00:00,2026-01-01T00:00:00+00:00,5000,0.17173524520432717,-3.4481669313098773,0.03727528804800006,-3.4478179935137936,0.009432840011271813,0.04837150190561052,187.14297904942916,6.338639100615088,0.09227840030618635,False
BCH/USDT:USDT,OP/USDT:USDT,2023-03-23T15:00:00+00:00,2026-01-01T00:00:00+00:00,5000,0.07193626441728672,-3.5131663404693034,0.03124593424913371,-3.5128349052074697,0.0076635203980735195,0.01894217149075458,181.85071963594848,6.29852463655098,0.09342736560277444,False
ATOM/USDT:USDT,NEAR/USDT:USDT,2023-03-23T15:00:00+00:00,2026-01-01T00:00:00+00:00,5000,0.8603897464496508,-1.9585363329442107,0.5500525156412226,-1.9587240453691497,0.3049590899969243,1.2614434211921024,445.97536686255,0.21368559204518264,0.14742866629164575,False
ATOM/USDT:USDT,APT/USDT:USDT,2023-03-23T15:00:00+00:00,2026-01-01T00:00:00+00:00,5000,0.9713827364146828,-2.3259232396485485,0.36069114805601943,-2.325667699923747,0.16382319782085858,0.7494141304245308,256.35551506630486,0.3130982497488808,0.06871014049684734,False
ATOM/USDT:USDT,ARB/USDT:USDT,2023-03-23T15:00:00+00:00,2026-01-01T00:00:00+00:00,5000,0.9379690176243655,-1.9775308250956463,0.540236277816024,-1.9778797395190622,0.29635548074175216,0.8159042987176897,536.5834847343892,2.1493389526867586,0.1002995661762349,False
ATOM/USDT:USDT,OP/USDT:USDT,2023-03-23T15:00:00+00:00,2026-01-01T00:00:00+00:00,5000,0.9792200006298882,-2.2583336627060087,0.39451758132521697,-2.258118889391173,0.1858312845487735,0.7963110610636809,248.9174499702018,1.7799480265947139,0.05866662582003442,False
NEAR/USDT:USDT,APT/USDT:USDT,2023-03-23T15:00:00+00:00,2026-01-01T00:00:00+00:00,5000,0.8660416194988746,-2.6551868163953873,0.21610837661601995,-2.6550212227672096,0.08215014930004266,0.45571960282379614,230.81101997438472,0.2549071043226433,0.0986493816450728,False
NEAR/USDT:USDT,ARB/USDT:USDT,2023-03-23T15:00:00+00:00,2026-01-01T00:00:00+00:00,5000,0.8729504998462327,-2.4486870595173698,0.3021558674078444,-2.4477655827825093,0.12870607319184646,0.5179260986578819,316.25898593350695,1.3950784096304378,0.09624947966620201,False
NEAR/USDT:USDT,OP/USDT:USDT,2023-03-23T15:00:00+00:00,2026-01-01T00:00:00+00:00,5000,0.8867590816019418,-2.4547258446618616,0.2993927243855712,-2.454134865312023,0.12703622018918337,0.4918532753772265,276.97356804309334,1.1518074084547225,0.09120290593342657,False
APT/USDT:USDT,ARB/USDT:USDT,2023-03-23T15:00:00+00:00,2026-01-01T00:00:00+00:00,5000,0.8809823083762512,-1.571713755854892,0.732679889575854,-1.57180700629407,0.4977384528927104,0.9933136839631587,804.9933277252464,2.3470372509305553,0.17741401739293286,False
APT/USDT:USDT,OP/USDT:USDT,2023-03-23T15:00:00+00:00,2026-01-01T00:00:00+00:00,5000,0.9373807532286471,-1.6892537737687332,0.6817950655345599,-1.689112033518881,0.4367308354149315,0.9880683958989591,508.93839850498557,1.909316942028744,0.13060241979199227,False
ARB/USDT:USDT,OP/USDT:USDT,2023-03-23T15:00:00+00:00,2026-01-01T00:00:00+00:00,5000,0.9699542335431864,-2.251681999069122,0.39789424656663797,-2.25148339494829,0.188093008838212,0.9067822030044378,390.9808001075253,-0.49733073708215125,0.08090778171976333,False
